{
 "loss": [
  4.097592353820801, 3.561246633529663, 3.1091794967651367, 2.867396831512451,
  2.7024550437927246, 2.5548784732818604, 2.4347288608551025, 2.32598876953125,
  2.266692638397217, 2.1736340522766113, 2.127781629562378, 2.089237689971924,
  2.046663284301758, 1.988133192062378, 1.9146301746368408, 1.8629038333892822,
  1.8316895961761475, 1.7936972379684448, 1.7565327882766724,
  1.7268352508544922, 1.6767374277114868, 1.6904438734054565, 1.646752953529358,
  1.6091945171356201, 1.5852640867233276, 1.576460838317871, 1.5683239698410034
 ],
 "emotion_output_loss": [
  1.6816974878311157, 1.4557902812957764, 1.2543580532073975,
  1.1386586427688599, 1.0811134576797485, 1.025898814201355, 0.9828828573226929,
  0.9442846775054932, 0.9227960705757141, 0.8884283900260925,
  0.8757163286209106, 0.8659261465072632, 0.8537972569465637, 0.832452654838562,
  0.8046711087226868, 0.7809327840805054, 0.7802192568778992,
  0.7590691447257996, 0.7452486753463745, 0.733913779258728, 0.7151405215263367,
  0.7297128438949585, 0.7141948938369751, 0.6930946111679077,
  0.6828404068946838, 0.6864001154899597, 0.6803030371665955
 ],
 "toxicity_output_loss": [
  1.6875382661819458, 1.3974480628967285, 1.1641764640808105,
  1.0544511079788208, 0.9624583125114441, 0.8846014142036438,
  0.8218452334403992, 0.7655160427093506, 0.7416582703590393,
  0.6961508393287659, 0.675399124622345, 0.6589490175247192, 0.640203595161438,
  0.6145873665809631, 0.5796937942504883, 0.5620768070220947,
  0.5413771867752075, 0.5338061451911926, 0.5194888710975647,
  0.5099275708198547, 0.48673614859580994, 0.4937870502471924,
  0.4732897877693176, 0.46417421102523804, 0.4573422074317932,
  0.4515875577926636, 0.45579853653907776
 ],
 "emotion_output_accuracy": [
  0.2710011601448059, 0.4598676562309265, 0.5381185412406921,
  0.5992519855499268, 0.6301783919334412, 0.6425489187240601,
  0.6662830710411072, 0.672324538230896, 0.6763521432876587, 0.6910241842269897,
  0.6923187375068665, 0.6940448880195618, 0.7002301216125488, 0.70540851354599,
  0.7102991938591003, 0.7186421155929565, 0.7219505310058594,
  0.7265534996986389, 0.7338895201683044, 0.7371979355812073,
  0.7389240264892578, 0.7334579825401306, 0.7420886158943176,
  0.7461162209510803, 0.7451093196868896, 0.746835470199585, 0.7459723949432373
 ],
 "emotion_output_precision": [
  0.0, 0.583038866519928, 0.6647553443908691, 0.7093088030815125,
  0.7149964570999146, 0.7329389452934265, 0.7491374015808105,
  0.7551891207695007, 0.7486318945884705, 0.7521383166313171,
  0.7520114183425903, 0.7778201699256897, 0.7728850841522217,
  0.7678698897361755, 0.7815368175506592, 0.7895112633705139,
  0.7857779264450073, 0.7987750172615051, 0.7968695163726807, 0.799895167350769,
  0.8096500635147095, 0.8064225316047668, 0.8134742975234985,
  0.8222499489784241, 0.8250848650932312, 0.8228479623794556, 0.8180528283119202
 ],
 "emotion_output_recall": [
  0.0, 0.02373417653143406, 0.2501438558101654, 0.36608171463012695,
  0.43411967158317566, 0.4989930987358093, 0.5309263467788696,
  0.5599827170372009, 0.5903337001800537, 0.5945051908493042,
  0.6050057411193848, 0.586162269115448, 0.6084579825401306, 0.6180955171585083,
  0.6247122883796692, 0.636651337146759, 0.6342059969902039, 0.6378020644187927,
  0.6517549157142639, 0.6583716869354248, 0.6589470505714417,
  0.6429804563522339, 0.6530494689941406, 0.6634061932563782,
  0.6642692685127258, 0.6641254425048828, 0.663550078868866
 ],
 "emotion_output_em_auc": [
  0.5002647042274475, 0.6997830867767334, 0.7685074806213379,
  0.8125057220458984, 0.833878755569458, 0.8512865900993347, 0.8645477890968323,
  0.8733935952186584, 0.8800212740898132, 0.8897765278816223, 0.889150857925415,
  0.8925943970680237, 0.8979952931404114, 0.9023785591125488,
  0.9120745062828064, 0.9157748222351074, 0.915560781955719, 0.9213113784790039,
  0.927103579044342, 0.9303152561187744, 0.9329072833061218, 0.9318879246711731,
  0.9317083954811096, 0.9379348754882812, 0.9397051334381104,
  0.9397990107536316, 0.9392756819725037
 ],
 "toxicity_output_accuracy": [
  0.4876294732093811, 0.6426927447319031, 0.7298619151115417,
  0.7541714906692505, 0.764528214931488, 0.7816455960273743, 0.7941599488258362,
  0.8114211559295654, 0.815880298614502, 0.827531635761261, 0.8321346640586853,
  0.8329976797103882, 0.8377445340156555, 0.8437859416007996,
  0.8541426658630371, 0.8616225719451904, 0.8665132522583008,
  0.8695339560508728, 0.8728423714637756, 0.872266948223114, 0.8827675580978394,
  0.8758630752563477, 0.8847813606262207, 0.8878020644187927,
  0.8870828747749329, 0.8902474045753479, 0.8892405033111572
 ],
 "toxicity_output_precision": [
  0.65625, 0.8874316811561584, 0.862023651599884, 0.8486623764038086,
  0.86602783203125, 0.8814499974250793, 0.8800645470619202, 0.8879653215408325,
  0.8907034993171692, 0.8968924283981323, 0.8990858793258667,
  0.9032200574874878, 0.9006819128990173, 0.9087026119232178,
  0.9111922383308411, 0.9161155819892883, 0.9200275540351868,
  0.9158145785331726, 0.9176726937294006, 0.9188685417175293,
  0.9306525588035583, 0.9212518930435181, 0.9261354207992554,
  0.9313462972640991, 0.9310113787651062, 0.9299235939979553, 0.9263783693313599
 ],
 "toxicity_output_recall": [
  0.003020713571459055, 0.3504027724266052, 0.5661680102348328,
  0.625143826007843, 0.6629746556282043, 0.6855581402778625, 0.7061277627944946,
  0.7068469524383545, 0.7138952612876892, 0.7182105779647827,
  0.7215189933776855, 0.7262658476829529, 0.7409378886222839,
  0.7344648838043213, 0.7541714906692505, 0.7571921944618225,
  0.7678365707397461, 0.7730149626731873, 0.7872554659843445,
  0.7803509831428528, 0.785673201084137, 0.7875431776046753, 0.8007767796516418,
  0.8000575304031372, 0.7997698783874512, 0.8055235743522644, 0.8072497248649597
 ],
 "toxicity_output_to_auc": [
  0.5142363905906677, 0.7029871344566345, 0.7672325968742371,
  0.7892913818359375, 0.8323780298233032, 0.8596381545066833,
  0.8845027089118958, 0.896579921245575, 0.9127845764160156, 0.9191709160804749,
  0.9314804673194885, 0.9283882975578308, 0.9340675473213196,
  0.9352418184280396, 0.9480242133140564, 0.9513422846794128,
  0.9562225341796875, 0.9586831331253052, 0.9628531336784363,
  0.9668809175491333, 0.9626259207725525, 0.9686466455459595,
  0.9723888039588928, 0.9712128639221191, 0.9749512076377869,
  0.9764806628227234, 0.9728543162345886
 ],
 "val_loss": [
  3.982908248901367, 3.4182045459747314, 3.1425116062164307, 3.026050567626953,
  2.9060869216918945, 2.8046774864196777, 2.791417360305786, 2.7524826526641846,
  2.6607184410095215, 2.656583070755005, 2.6143336296081543, 2.6341724395751953,
  2.64320707321167, 2.5666840076446533, 2.590757369995117, 2.5542685985565186,
  2.526780843734741, 2.572876214981079, 2.5270652770996094, 2.5111002922058105,
  2.5511014461517334, 2.5330114364624023, 2.5124144554138184,
  2.5216972827911377, 2.491528034210205, 2.522820234298706, 2.4719464778900146
 ],
 "val_emotion_output_loss": [
  1.6448992490768433, 1.407073974609375, 1.2671856880187988, 1.2256277799606323,
  1.1970781087875366, 1.2110806703567505, 1.1948374509811401,
  1.1979808807373047, 1.184083104133606, 1.182257056236267, 1.1863356828689575,
  1.2240866422653198, 1.213728666305542, 1.2045888900756836, 1.2411725521087646,
  1.241542935371399, 1.2369940280914307, 1.263166069984436, 1.235188603401184,
  1.2550705671310425, 1.2914068698883057, 1.2864514589309692, 1.282050609588623,
  1.2871261835098267, 1.2814146280288696, 1.2881642580032349, 1.2774038314819336
 ],