{
 "loss": [
  4.108919620513916, 3.431812286376953, 2.960944175720215, 2.663379192352295,
  2.469839572906494, 2.287245988845825, 2.131959915161133, 2.0411674976348877,
  1.9504379034042358, 1.874692440032959, 1.8182168006896973, 1.7979099750518799,
  1.751037836074829, 1.6912106275558472, 1.6678165197372437, 1.6332262754440308,
  1.5706642866134644, 1.568250060081482, 1.52534818649292, 1.4936327934265137,
  1.4765914678573608, 1.451051950454712, 1.4410159587860107, 1.4063702821731567,
  1.4083598852157593, 1.4121119976043701, 1.412778615951538, 1.3993382453918457
 ],
 "emotion_output_loss": [
  1.7428969144821167, 1.503343105316162, 1.3139439821243286, 1.1660221815109253,
  1.0699660778045654, 0.9815214276313782, 0.8996814489364624,
  0.8552096486091614, 0.8071743249893188, 0.7689386010169983,
  0.7516657710075378, 0.7396912574768066, 0.7218450307846069,
  0.6926822662353516, 0.6837055087089539, 0.6649187207221985,
  0.6468612551689148, 0.6469144225120544, 0.6257298588752747,
  0.6151934862136841, 0.6144214868545532, 0.5945086479187012,
  0.5846875905990601, 0.5781676769256592, 0.5820649266242981, 0.588757336139679,
  0.5863398313522339, 0.577782154083252
 ],
 "toxicity_output_loss": [
  1.7555267810821533, 1.3343647718429565, 1.0627492666244507,
  0.9211831092834473, 0.8315346837043762, 0.7449939250946045,
  0.6790470480918884, 0.640219509601593, 0.6049705147743225, 0.5748289823532104,
  0.5429178476333618, 0.5417754650115967, 0.5201804041862488,
  0.4968726336956024, 0.48967286944389343, 0.481126070022583,
  0.4436558187007904, 0.4481392502784729, 0.4336579740047455, 0.419001042842865,
  0.40922144055366516, 0.40991073846817017, 0.415745347738266,
  0.39335379004478455, 0.3968559205532074, 0.39922434091567993,
  0.40765702724456787, 0.4078928530216217
 ],
 "emotion_output_accuracy": [
  0.24588020145893097, 0.4187810719013214, 0.5265498161315918,
  0.5895893573760986, 0.6314412951469421, 0.6589066386222839,
  0.6853256821632385, 0.7054669260978699, 0.7222076654434204,
  0.7389484643936157, 0.7413026690483093, 0.7483651638031006,
  0.7449646592140198, 0.7533350586891174, 0.7551661133766174,
  0.7488883137702942, 0.7611823081970215, 0.7674601078033447,
  0.7708605527877808, 0.7753073573112488, 0.7695527076721191, 0.773737907409668,
  0.7813235521316528, 0.7792309522628784, 0.7776615023612976,
  0.7805388569831848, 0.7802772521972656, 0.7753073573112488
 ],
 "emotion_output_precision": [
  1.0, 0.8241205811500549, 0.7675753235816956, 0.7781501412391663,
  0.759817361831665, 0.7905982732772827, 0.8107467293739319, 0.8178030252456665,
  0.8200141191482544, 0.833798885345459, 0.8232715129852295, 0.8303874731063843,
  0.8345129489898682, 0.843157172203064, 0.8483742475509644, 0.8500846028327942,
  0.8536178469657898, 0.8469622135162354, 0.8583662509918213,
  0.8545804023742676, 0.8584474921226501, 0.8633986711502075,
  0.8689970374107361, 0.8729318380355835, 0.8640522956848145,
  0.8621701002120972, 0.8626053333282471, 0.8754152655601501
 ],
 "emotion_output_recall": [
  0.0005231493851169944, 0.04289824888110161, 0.1399424523115158,
  0.3036881983280182, 0.43526026606559753, 0.4839131534099579,
  0.5367512702941895, 0.5647397041320801, 0.6065917015075684,
  0.6246403455734253, 0.6385037899017334, 0.639026939868927, 0.6476588845252991,
  0.6510593891143799, 0.6688464283943176, 0.6570755839347839,
  0.6696311831474304, 0.6746010780334473, 0.6816636323928833,
  0.6978812217712402, 0.6884645819664001, 0.6910803318023682,
  0.6957886219024658, 0.690034031867981, 0.6916034817695618, 0.6921266317367554,
  0.6963117718696594, 0.6892492771148682
 ],
 "emotion_output_em_auc": [
  0.5950818061828613, 0.7661068439483643, 0.8329620957374573, 0.870812714099884,
  0.8918312191963196, 0.9082261919975281, 0.9232287406921387,
  0.9311394691467285, 0.9390117526054382, 0.9437265992164612,
  0.9453994631767273, 0.9478526711463928, 0.9502571225166321,
  0.9554137587547302, 0.9550871253013611, 0.9575254321098328,
  0.9595654010772705, 0.959517776966095, 0.9629197120666504, 0.9630081057548523,
  0.9643227458000183, 0.9666233062744141, 0.9679555892944336,
  0.9688307642936707, 0.9684893488883972, 0.9668939113616943,
  0.9678748250007629, 0.9681100845336914
 ],
 "toxicity_output_accuracy": [
  0.29950299859046936, 0.4998692274093628, 0.6186240911483765,
  0.6719853281974792, 0.6892492771148682, 0.7290086150169373,
  0.7559508085250854, 0.7674601078033447, 0.7794925570487976,
  0.7836777567863464, 0.8040805459022522, 0.8025110960006714,
  0.8061731457710266, 0.8119277954101562, 0.8150666952133179,
  0.8195134997367859, 0.8278838396072388, 0.8276222944259644, 0.830761194229126,
  0.8325921893119812, 0.8344232439994812, 0.83860844373703, 0.835992693901062,
  0.8344232439994812, 0.841224193572998, 0.8467172384262085, 0.8388699889183044,
  0.8339000940322876
 ],
 "toxicity_output_precision": [
  0.8524590134620667, 0.8412098288536072, 0.785895824432373, 0.8079012632369995,
  0.8170080184936523, 0.8010714054107666, 0.8337893486022949,
  0.8298488259315491, 0.8298470377922058, 0.8314024209976196,
  0.8430722951889038, 0.8455772399902344, 0.840566873550415, 0.8488235473632812,
  0.8444887399673462, 0.8530099391937256, 0.859856128692627, 0.8571830987930298,
  0.8586236834526062, 0.8601318597793579, 0.862811803817749, 0.8670867681503296,
  0.8631340265274048, 0.8751084208488464, 0.8681007623672485,
  0.8688432574272156, 0.863918662071228, 0.8677520751953125
 ],
 "toxicity_output_recall": [
  0.013601883314549923, 0.11640073359012604, 0.32356786727905273,
  0.4279361665248871, 0.47998952865600586, 0.5867120027542114,
  0.6377190947532654, 0.6748626828193665, 0.6952654719352722,
  0.7133141756057739, 0.7321475148200989, 0.7376406192779541,
  0.7447031140327454, 0.7549045085906982, 0.7755689024925232,
  0.7635365128517151, 0.781585156917572, 0.7959717512130737, 0.7800157070159912,
  0.7849856019020081, 0.7962332963943481, 0.7917865514755249,
  0.7967564463615417, 0.7917865514755249, 0.802249550819397, 0.807481050491333,
  0.800418496131897, 0.7946639060974121
 ],
 "toxicity_output_to_auc": [
  0.6536464691162109, 0.8503888249397278, 0.9055648446083069,
  0.9265800714492798, 0.9392305016517639, 0.9492821097373962,
  0.9587740302085876, 0.9627214074134827, 0.9663218259811401,
  0.9689050912857056, 0.9721612334251404, 0.9724177122116089,
  0.9731164574623108, 0.975373387336731, 0.9756692051887512, 0.9766852259635925,
  0.9793866276741028, 0.9782406687736511, 0.9801340103149414, 0.981246292591095,
  0.9822936058044434, 0.9823834300041199, 0.9819955825805664,
  0.9837645292282104, 0.9832014441490173, 0.9838263392448425,
  0.9818748831748962, 0.9819998145103455
 ],
 "val_loss": [
  3.763862133026123, 3.1752068996429443, 2.880174160003662, 2.6435656547546387,
  2.5999183654785156, 2.497805118560791, 2.387788772583008, 2.3999578952789307,
  2.3690268993377686, 2.3150317668914795, 2.296433925628662, 2.3491454124450684,
  2.3256263732910156, 2.2923271656036377, 2.3143153190612793,
  2.2178122997283936, 2.228522300720215, 2.226135015487671, 2.1955206394195557,
  2.2078216075897217, 2.2027533054351807, 2.1341443061828613, 2.173964500427246,
  2.146711826324463, 2.1546592712402344, 2.2044429779052734, 2.209587812423706,
  2.1156649589538574
 ],
 "val_emotion_output_loss": [
  1.6503092050552368, 1.413837194442749, 1.2726795673370361, 1.1261405944824219,
  1.1277319192886353, 1.0945746898651123, 1.0325992107391357,
  1.0288058519363403, 0.9918360710144043, 1.014485478401184, 1.0110814571380615,
  1.0721051692962646, 1.051002025604248, 1.0304746627807617, 1.0325733423233032,
  0.9971396923065186, 0.9887892603874207, 0.9885333180427551, 0.986190676689148,
  1.0049511194229126, 1.0134477615356445, 0.9704625606536865,
  0.9957259297370911, 0.9980037808418274, 0.9658852815628052,
  1.0221470594406128, 1.0289922952651978, 0.9847075939178467
 ],