{
 "loss": [
  4.164373874664307, 3.5088086128234863, 3.0836598873138428, 2.7600886821746826,
  2.551604986190796, 2.3755457401275635, 2.2112855911254883, 2.09541654586792,
  1.9703197479248047, 1.916709303855896, 1.8451776504516602, 1.7679271697998047,
  1.6994630098342896, 1.6721168756484985, 1.6455806493759155,
  1.6161892414093018, 1.5686074495315552, 1.5362735986709595,
  1.5084586143493652, 1.4960898160934448, 1.460526943206787, 1.4440526962280273,
  1.4418045282363892, 1.4320207834243774, 1.3999778032302856,
  1.3683184385299683, 1.3821477890014648, 1.4010547399520874,
  1.3935374021530151, 1.3756508827209473, 1.348707675933838, 1.3405942916870117,
  1.318039059638977, 1.3115603923797607, 1.3138234615325928
 ],
 "emotion_output_loss": [
  1.7295454740524292, 1.5318002700805664, 1.3696188926696777, 1.221351981163025,
  1.0901046991348267, 1.0154885053634644, 0.9235567450523376,
  0.8622807860374451, 0.8100472688674927, 0.7740357518196106,
  0.7524692416191101, 0.7114233374595642, 0.6723300814628601,
  0.6655676364898682, 0.6438247561454773, 0.6484399437904358,
  0.6216465830802917, 0.6098828315734863, 0.6024737358093262,
  0.5993419289588928, 0.5840651392936707, 0.5795485973358154, 0.581799328327179,
  0.5729163885116577, 0.5601750612258911, 0.5492759943008423,
  0.5612581372261047, 0.5772205591201782, 0.5640953183174133, 0.559326171875,
  0.5518999099731445, 0.5522549748420715, 0.5413534641265869,
  0.5410559773445129, 0.5467950701713562
 ],
 "toxicity_output_loss": [
  1.756601095199585, 1.3173850774765015, 1.0681816339492798, 0.9044331312179565,
  0.8381850123405457, 0.7473210692405701, 0.6851238012313843,
  0.6409884691238403, 0.5781029462814331, 0.5705716609954834,
  0.5302677154541016, 0.5034776926040649, 0.4831984043121338,
  0.47160935401916504, 0.47565317153930664, 0.45060673356056213,
  0.4383455812931061, 0.42608749866485596, 0.41368305683135986,
  0.4121254086494446, 0.3993549942970276, 0.39473071694374084,
  0.39728444814682007, 0.40330222249031067, 0.39079761505126953,
  0.37665271759033203, 0.38467296957969666, 0.3937770128250122,
  0.4054282009601593, 0.39827772974967957, 0.3842138946056366,
  0.3805464506149292, 0.3738784193992615, 0.37260544300079346,
  0.37382957339286804
 ],
 "emotion_output_accuracy": [
  0.25686633586883545, 0.36829715967178345, 0.4716191589832306,
  0.5406748652458191, 0.6013602018356323, 0.6345801949501038,
  0.6753858327865601, 0.690818727016449, 0.7174993753433228, 0.725346565246582,
  0.7389484643936157, 0.7481035590171814, 0.7580434083938599,
  0.7640596628189087, 0.7708605527877808, 0.7687680125236511,
  0.7776615023612976, 0.7821083068847656, 0.7802772521972656,
  0.7800157070159912, 0.78420090675354, 0.7844624519348145, 0.78236985206604,
  0.7865550518035889, 0.7886476516723633, 0.7949254512786865,
  0.7857703566551208, 0.7868166565895081, 0.7930944561958313,
  0.7910018563270569, 0.7933560013771057, 0.7904787063598633,
  0.7993721961975098, 0.7949254512786865, 0.7894324064254761
 ],
 "emotion_output_precision": [
  0.0, 0.6530612111091614, 0.7557894587516785, 0.7295147180557251,
  0.7590832710266113, 0.7519582509994507, 0.7798449397087097,
  0.7921554446220398, 0.8022893071174622, 0.8203179240226746,
  0.8193262815475464, 0.8256275057792664, 0.84149569272995, 0.8445528745651245,
  0.8469486832618713, 0.8379155993461609, 0.8520766496658325, 0.856411874294281,
  0.8505600094795227, 0.8588045239448547, 0.8627639412879944,
  0.8593350648880005, 0.8531994819641113, 0.8567807078361511,
  0.8618714213371277, 0.8636220693588257, 0.8641701340675354,
  0.8508633971214294, 0.8634900450706482, 0.8567862510681152, 0.865452229976654,
  0.8626528978347778, 0.8578898906707764, 0.8641082048416138, 0.8683957457542419
 ],
 "emotion_output_recall": [
  0.0, 0.00837039016187191, 0.09390530735254288, 0.23986397683620453,
  0.35521841049194336, 0.45200103521347046, 0.5262882709503174,
  0.5652628540992737, 0.6050222516059875, 0.6209782958030701,
  0.6298718452453613, 0.6539366841316223, 0.6651844382286072,
  0.6793094277381897, 0.6861103773117065, 0.6855872273445129,
  0.6976196765899658, 0.7004969716072083, 0.6952654719352722,
  0.6952654719352722, 0.7054669260978699, 0.7031127214431763,
  0.7114831209182739, 0.7072979211807251, 0.7083442211151123,
  0.7172377705574036, 0.7122678756713867, 0.7088673710823059,
  0.7015432715415955, 0.7182840704917908, 0.7083442211151123,
  0.7195919156074524, 0.7295317649841309, 0.7185456156730652, 0.7093905210494995
 ],
 "emotion_output_em_auc": [
  0.6204853653907776, 0.742257297039032, 0.8147298693656921, 0.8562812209129333,
  0.8866519927978516, 0.8990504145622253, 0.9167165756225586,
  0.9278802871704102, 0.9351496696472168, 0.9403013586997986,
  0.9439249634742737, 0.9506878852844238, 0.9568395614624023,
  0.9571232795715332, 0.9597351551055908, 0.9587249755859375,
  0.9623149037361145, 0.9636299014091492, 0.9650065898895264,
  0.9654393196105957, 0.9673691391944885, 0.9680359959602356,
  0.9677764773368835, 0.96910160779953, 0.9705632328987122, 0.971662700176239,
  0.9704506993293762, 0.9683208465576172, 0.9699856638908386,
  0.9704859852790833, 0.9707906246185303, 0.9707316756248474,
  0.9722335934638977, 0.9728690981864929, 0.9719822406768799
 ],
 "toxicity_output_accuracy": [
  0.2924405038356781, 0.5001307725906372, 0.5929898023605347,
  0.6636149883270264, 0.6876798272132874, 0.7290086150169373, 0.746010959148407,
  0.7611823081970215, 0.78420090675354, 0.7920481562614441, 0.8001569509506226,
  0.8119277954101562, 0.8187287449836731, 0.8239602446556091,
  0.8202981948852539, 0.8346847891807556, 0.8268375396728516,
  0.8312843441963196, 0.8373005390167236, 0.839393138885498, 0.8383468389511108,
  0.8373005390167236, 0.8446246385574341, 0.8417473435401917,
  0.8456709384918213, 0.8501176834106445, 0.8451477885246277,
  0.8404394388198853, 0.8399162888526917, 0.8401778936386108,
  0.8448862433433533, 0.8475019335746765, 0.8498561382293701,
  0.8511639833450317, 0.8490713834762573
 ],
 "toxicity_output_precision": [
  0.0, 0.8345499038696289, 0.8202643394470215, 0.7637526392936707,
  0.7741809487342834, 0.8008549809455872, 0.8112143278121948,
  0.7983014583587646, 0.8369465470314026, 0.8328384757041931,
  0.8454923033714294, 0.8494875431060791, 0.8431986570358276,
  0.8528237342834473, 0.8503981828689575, 0.8590793609619141,
  0.8535764217376709, 0.8582386374473572, 0.8684884905815125,
  0.8655152916908264, 0.8666666746139526, 0.8733887076377869,
  0.8669115304946899, 0.8692090511322021, 0.8723284602165222,
  0.8770886659622192, 0.8708497285842896, 0.8748564720153809,
  0.8669503331184387, 0.8744662404060364, 0.8779102563858032,
  0.8806267976760864, 0.8772867918014526, 0.877946138381958, 0.868195652961731
 ],
 "toxicity_output_recall": [
  0.0, 0.08972011506557465, 0.24352602660655975, 0.46848025918006897,
  0.5192257165908813, 0.5880199074745178, 0.6395500898361206,
  0.6884645819664001, 0.7169762253761292, 0.7337169647216797,
  0.7457494139671326, 0.7588281631469727, 0.7750457525253296,
  0.7821083068847656, 0.7821083068847656, 0.7957101464271545,
  0.7959717512130737, 0.7902171015739441, 0.7980643510818481, 0.799633800983429,
  0.8093120455741882, 0.7975412011146545, 0.8025110960006714, 0.804865300655365,
  0.8114046454429626, 0.810096800327301, 0.8095736503601074, 0.7972795963287354,
  0.7993721961975098, 0.8035573959350586, 0.8087888956069946,
  0.8085273504257202, 0.8153282999992371, 0.8184671998023987, 0.8218676447868347
 ],