{
 "loss": [
  90.74713897705078, 76.2069320678711, 64.24142456054688, 54.33230209350586,
  46.08567428588867, 39.222137451171875, 33.51515197753906, 28.75594711303711,
  24.773208618164062, 21.447500228881836
 ],
 "emotion_output_loss": [
  1.7345824241638184, 1.4668875932693481, 1.3133587837219238, 1.199031949043274,
  1.1069743633270264, 1.0350921154022217, 0.9862767457962036,
  0.9411538243293762, 0.9088879227638245, 0.879766583442688
 ],
 "toxicity_output_loss": [
  1.784216046333313, 1.4273325204849243, 1.201188325881958, 1.0619661808013916,
  0.9585784673690796, 0.8818181157112122, 0.8257656693458557,
  0.7874207496643066, 0.7417659759521484, 0.7095492482185364
 ],
 "emotion_output_accuracy": [
  0.23044729232788086, 0.42558199167251587, 0.5090243220329285,
  0.5799110531806946, 0.6434736847877502, 0.6798325777053833,
  0.6923881769180298, 0.7198535203933716, 0.7384253144264221, 0.7465341091156006
 ],
 "emotion_output_precision": [
  0.5833333134651184, 0.702479362487793, 0.7735334038734436, 0.8018099665641785,
  0.8270418643951416, 0.8526946306228638, 0.8586387634277344,
  0.8842849731445312, 0.8838829398155212, 0.8934962749481201
 ],
 "emotion_output_recall": [
  0.0018310227897018194, 0.06670154631137848, 0.14831283688545227,
  0.23175516724586487, 0.31519749760627747, 0.3724823296070099,
  0.4289824664592743, 0.4577556848526001, 0.4977766275405884, 0.5354433655738831
 ],
 "emotion_output_em_auc": [
  0.6101447343826294, 0.7728998064994812, 0.8346006274223328,
  0.8689823150634766, 0.8916895985603333, 0.9110875129699707,
  0.9217588305473328, 0.9334377646446228, 0.9388609528541565, 0.94414883852005
 ],
 "toxicity_output_accuracy": [
  0.2764844298362732, 0.43604499101638794, 0.560554563999176, 0.640857994556427,
  0.6892492771148682, 0.7337169647216797, 0.7575202584266663, 0.771906852722168,
  0.7920481562614441, 0.8166361451148987
 ],
 "toxicity_output_precision": [
  0.4444444477558136, 0.8656716346740723, 0.8149465918540955,
  0.8287526369094849, 0.8768066167831421, 0.8585366010665894,
  0.8655500411987305, 0.8671586513519287, 0.8839952945709229, 0.8835470080375671
 ],
 "toxicity_output_recall": [
  0.0010462987702339888, 0.03034266270697117, 0.11980120092630386,
  0.20507454872131348, 0.3332461416721344, 0.4143342971801758,
  0.5001307725906372, 0.5532304644584656, 0.5880199074745178, 0.6489667892456055
 ],
 "toxicity_output_to_auc": [
  0.649786651134491, 0.8298169374465942, 0.8911479115486145, 0.9174484610557556,
  0.9359903335571289, 0.9481340050697327, 0.956199049949646, 0.9608452916145325,
  0.9670944213867188, 0.9707332253456116
 ],
 "val_loss": [
  82.7895278930664, 69.66512298583984, 58.935218811035156, 49.901405334472656,
  42.4674072265625, 36.2867546081543, 31.153959274291992, 26.85999298095703,
  23.308483123779297, 20.32794189453125
 ],
 "val_emotion_output_loss": [
  1.5480660200119019, 1.377264380455017, 1.3170437812805176, 1.1813327074050903,
  1.156458854675293, 1.10775887966156, 1.0884077548980713, 1.0675667524337769,
  1.0813987255096436, 1.081937551498413
 ],
 "val_toxicity_output_loss": [
  1.5411680936813354, 1.2414296865463257, 1.1123961210250854,
  1.0018569231033325, 0.9213974475860596, 0.902028501033783, 0.8895690441131592,
  0.8747912049293518, 0.8679841756820679, 0.8630141019821167
 ],
 "val_emotion_output_accuracy": [
  0.36941176652908325, 0.44235295057296753, 0.5011764764785767,
  0.567058801651001, 0.6070588231086731, 0.6305882334709167, 0.6470588445663452,
  0.6611764430999756, 0.6305882334709167, 0.6376470327377319
 ],
 "val_emotion_output_precision": [
  0.8571428656578064, 0.6382978558540344, 0.7047619223594666,
  0.7046632170677185, 0.7070707082748413, 0.7488986849784851,
  0.7796609997749329, 0.7579365372657776, 0.7822580933570862, 0.7547169923782349
 ],
 "val_emotion_output_recall": [
  0.014117646962404251, 0.1411764770746231, 0.17411763966083527,
  0.3199999928474426, 0.3294117748737335, 0.4000000059604645,
  0.43294116854667664, 0.4494117498397827, 0.4564705789089203,
  0.47058823704719543
 ],
 "val_emotion_output_em_auc": [
  0.7438026070594788, 0.8144319653511047, 0.8349154591560364,
  0.8579304218292236, 0.8670020699501038, 0.8806988596916199,
  0.8811008334159851, 0.8820721507072449, 0.8848323822021484, 0.8815836906433105
 ],
 "val_toxicity_output_accuracy": [
  0.34117648005485535, 0.47999998927116394, 0.5811764597892761,
  0.6517646908760071, 0.6823529601097107, 0.6800000071525574,
  0.6870588064193726, 0.6870588064193726, 0.7011764645576477, 0.6823529601097107
 ],
 "val_toxicity_output_precision": [
  0.0, 0.7580645084381104, 0.7979797720909119, 0.803108811378479,
  0.815315306186676, 0.791208803653717, 0.7745097875595093, 0.7767295837402344,
  0.7770700454711914, 0.7558139562606812
 ],
 "val_toxicity_output_recall": [
  0.0, 0.11058823764324188, 0.1858823597431183, 0.364705890417099,
  0.42588233947753906, 0.5082352757453918, 0.5576470494270325,
  0.5811764597892761, 0.5741176605224609, 0.6117647290229797
 ],
 "val_toxicity_output_to_auc": [
  0.8060415983200073, 0.8680287599563599, 0.8968844413757324,
  0.9214547276496887, 0.9344788193702698, 0.9312695264816284,
  0.9285687208175659, 0.9366234540939331, 0.9346598386764526, 0.9370937943458557
 ],
 "lr": [1e-4, 1e-4, 1e-4, 1e-4, 1e-4, 1e-4, 1e-4, 1e-4, 1e-4, 1e-4]
}
