{
 "loss": [
  58.02161407470703, 46.65514373779297, 37.4221076965332, 30.044086456298828,
  24.144550323486328, 19.428598403930664, 15.634349822998047,
  12.598621368408203, 10.221052169799805, 8.363787651062012
 ],
 "emotion_output_loss": [
  1.7772066593170166, 1.5927894115447998, 1.3850476741790771,
  1.2321611642837524, 1.1175206899642944, 1.0305720567703247,
  0.9543095231056213, 0.8802455067634583, 0.8384593725204468, 0.8002682328224182
 ],
 "toxicity_output_loss": [
  1.8370425701141357, 1.4470881223678589, 1.1568496227264404, 0.987949788570404,
  0.8857266306877136, 0.8156301379203796, 0.7370553612709045,
  0.6682263612747192, 0.619725227355957, 0.5968891978263855
 ],
 "emotion_output_accuracy": [
  0.20638242363929749, 0.36882030963897705, 0.4718807339668274,
  0.5610777139663696, 0.6246403455734253, 0.6583834886550903,
  0.6918650269508362, 0.725346565246582, 0.7373790144920349, 0.7405179142951965
 ],
 "emotion_output_precision": [
  0.0, 0.6326530575752258, 0.7918781638145447, 0.7980487942695618,
  0.8214285969734192, 0.8244063854217529, 0.8326379060745239,
  0.8406972289085388, 0.8468019962310791, 0.8604564070701599
 ],
 "emotion_output_recall": [
  0.0, 0.008108815178275108, 0.12241695076227188, 0.21396808326244354,
  0.2947946786880493, 0.3905310034751892, 0.469788134098053, 0.5425058603286743,
  0.5783416032791138, 0.6016217470169067
 ],
 "emotion_output_em_auc": [
  0.5590810775756836, 0.7292754054069519, 0.8125349879264832,
  0.8634305000305176, 0.8925308585166931, 0.9078803658485413,
  0.9204919338226318, 0.9321479201316833, 0.9393633008003235, 0.9445332884788513
 ],
 "toxicity_output_accuracy": [
  0.2620978355407715, 0.4470311403274536, 0.5699712038040161,
  0.6575987339019775, 0.6944807767868042, 0.7235155701637268,
  0.7614439129829407, 0.7734763026237488, 0.7928328514099121, 0.8012032508850098
 ],
 "toxicity_output_precision": [
  0.0, 0.8386167287826538, 0.8217522501945496, 0.8149253726005554,
  0.8089143633842468, 0.8168846368789673, 0.8287744522094727,
  0.8483815789222717, 0.8512951731681824, 0.8573668003082275
 ],
 "toxicity_output_recall": [
  0.0, 0.07611823081970215, 0.21344493329524994, 0.35704943537712097,
  0.47946637868881226, 0.5391054153442383, 0.6102537512779236,
  0.6513209342956543, 0.6963117718696594, 0.7154067754745483
 ],
 "toxicity_output_to_auc": [
  0.598698616027832, 0.8074167966842651, 0.8874627351760864, 0.9180586934089661,
  0.9343202710151672, 0.9426760077476501, 0.9524732232093811,
  0.9603220820426941, 0.9664775133132935, 0.9681938886642456
 ],
 "val_loss": [
  51.846641540527344, 41.547576904296875, 33.38875198364258, 26.916793823242188,
  21.730016708374023, 17.56052589416504, 14.284937858581543, 11.656087875366211,
  9.6716947555542, 8.056693077087402
 ],
 "val_emotion_output_loss": [
  1.704641580581665, 1.4705952405929565, 1.3357486724853516, 1.2217689752578735,
  1.1695846319198608, 1.1282442808151245, 1.0846703052520752,
  1.0435729026794434, 1.067082166671753, 1.0609359741210938
 ],
 "val_toxicity_output_loss": [
  1.6172643899917603, 1.2294297218322754, 1.0265824794769287,
  0.9786574840545654, 0.9141779541969299, 0.8459222912788391,
  0.8458408713340759, 0.8202022314071655, 0.8320791721343994, 0.8034146428108215
 ],
 "val_emotion_output_accuracy": [
  0.22588235139846802, 0.43294116854667664, 0.48235294222831726,
  0.5576470494270325, 0.5717647075653076, 0.6023529171943665,
  0.6305882334709167, 0.6541176438331604, 0.6352941393852234, 0.6352941393852234
 ],
 "val_emotion_output_precision": [
  0.0, 0.6415094137191772, 0.7333333492279053, 0.7622377872467041,
  0.7860696315765381, 0.7479338645935059, 0.7272727489471436,
  0.7906137108802795, 0.7311828136444092, 0.7681660652160645
 ],
 "val_emotion_output_recall": [
  0.0, 0.1599999964237213, 0.18117646872997284, 0.25647059082984924,
  0.3717647194862366, 0.42588233947753906, 0.48941177129745483,
  0.5152941346168518, 0.47999998927116394, 0.522352933883667
 ],
 "val_emotion_output_em_auc": [
  0.6852405667304993, 0.772132396697998, 0.8231571316719055, 0.8589045405387878,
  0.869097888469696, 0.8722802996635437, 0.8848490715026855, 0.8867819905281067,
  0.8835585713386536, 0.8854663968086243
 ],
 "val_toxicity_output_accuracy": [
  0.37882351875305176, 0.47058823704719543, 0.6070588231086731,
  0.6423529386520386, 0.658823549747467, 0.6941176652908325, 0.6800000071525574,
  0.6752941012382507, 0.7058823704719543, 0.7129411697387695
 ],
 "val_toxicity_output_precision": [
  0.0, 0.837837815284729, 0.763005793094635, 0.8232043981552124,
  0.7423728704452515, 0.7539432048797607, 0.7656765580177307,
  0.7634069323539734, 0.7417582273483276, 0.7564470171928406
 ],
 "val_toxicity_output_recall": [
  0.0, 0.14588235318660736, 0.3105882406234741, 0.35058823227882385,
  0.5152941346168518, 0.5623529553413391, 0.5458823442459106,
  0.5694117546081543, 0.6352941393852234, 0.6211764812469482
 ],
 "val_toxicity_output_to_auc": [
  0.7597235441207886, 0.8716029524803162, 0.9069343209266663,
  0.9135718941688538, 0.921421468257904, 0.9297298789024353, 0.9214710593223572,
  0.9283051490783691, 0.9294522404670715, 0.9298728108406067
 ],
 "lr": [1e-4, 1e-4, 1e-4, 1e-4, 1e-4, 1e-4, 1e-4, 1e-4, 1e-4, 1e-4]
}
