{
 "loss": [
  57.97233581542969, 46.47468185424805, 37.28536605834961, 29.95734405517578,
  24.05457878112793, 19.33888053894043, 15.588554382324219, 12.587652206420898,
  10.20763111114502, 8.356345176696777
 ],
 "emotion_output_loss": [
  1.7289222478866577, 1.4729053974151611, 1.267082929611206, 1.1339539289474487,
  1.0267714262008667, 0.9423585534095764, 0.8892531394958496,
  0.8328593969345093, 0.7778818011283875, 0.7517741918563843
 ],
 "toxicity_output_loss": [
  1.7616292238235474, 1.291181206703186, 1.0304676294326782, 0.885471522808075,
  0.7730417251586914, 0.7023094296455383, 0.649686872959137, 0.6022204756736755,
  0.5696190595626831, 0.548047661781311
 ],
 "emotion_output_accuracy": [
  0.24614177644252777, 0.42375096678733826, 0.5639550089836121,
  0.6290870904922485, 0.6706774830818176, 0.7036358714103699,
  0.7169762253761292, 0.7394716143608093, 0.7567355632781982, 0.7611823081970215
 ],
 "emotion_output_precision": [
  0.0, 0.7594936490058899, 0.7786377668380737, 0.7895480394363403,
  0.8017154335975647, 0.8276751041412354, 0.830751359462738, 0.8476696014404297,
  0.855599582195282, 0.8600765466690063
 ],
 "emotion_output_recall": [
  0.0, 0.015694480389356613, 0.13157206773757935, 0.2924405038356781,
  0.4156421720981598, 0.5037928223609924, 0.5610777139663696,
  0.5851425528526306, 0.6215014457702637, 0.6463510394096375
 ],
 "emotion_output_em_auc": [
  0.6136678457260132, 0.7851662039756775, 0.8555678725242615,
  0.8869813084602356, 0.9093685150146484, 0.9240443110466003,
  0.9312203526496887, 0.9400009512901306, 0.9478311538696289, 0.9501769542694092
 ],
 "toxicity_output_accuracy": [
  0.3073502480983734, 0.5221030712127686, 0.642427384853363, 0.7015432715415955,
  0.7441799640655518, 0.7758305072784424, 0.8017264008522034, 0.802249550819397,
  0.8226523399353027, 0.8192518949508667
 ],
 "toxicity_output_precision": [
  1.0, 0.8944723606109619, 0.8395677208900452, 0.8300415873527527,
  0.854523241519928, 0.8382656574249268, 0.8567144274711609, 0.8585922718048096,
  0.8640986084938049, 0.8676875829696655
 ],
 "toxicity_output_recall": [
  0.002354172058403492, 0.09312058240175247, 0.2641904354095459,
  0.4177347719669342, 0.5485221147537231, 0.6371959447860718,
  0.6725084781646729, 0.7083442211151123, 0.7334554195404053, 0.7410410642623901
 ],
 "toxicity_output_to_auc": [
  0.6638266444206238, 0.871484100818634, 0.9219012260437012, 0.9398999214172363,
  0.9546905159950256, 0.9623532295227051, 0.9675649404525757,
  0.9716224670410156, 0.9741142988204956, 0.9760450720787048
 ],
 "val_loss": [
  51.554569244384766, 41.442962646484375, 33.341094970703125,
  26.944616317749023, 21.797649383544922, 17.63006019592285, 14.452239036560059,
  11.787604331970215, 9.764059066772461, 8.160879135131836
 ],
 "val_emotion_output_loss": [
  1.5463662147521973, 1.326881766319275, 1.1673362255096436, 1.1413196325302124,
  1.0993525981903076, 1.0287684202194214, 1.083612322807312, 0.9911189079284668,
  1.0107170343399048, 1.0058338642120361
 ],
 "val_toxicity_output_loss": [
  1.3987109661102295, 1.1653703451156616, 1.0355005264282227,
  0.9719218015670776, 0.9400370717048645, 0.9047122001647949,
  0.9099146723747253, 0.9049286842346191, 0.8866890668869019, 0.877500057220459
 ],
 "val_emotion_output_accuracy": [
  0.36941176652908325, 0.4847058951854706, 0.5905882120132446,
  0.6000000238418579, 0.6023529171943665, 0.6611764430999756,
  0.6258823275566101, 0.6517646908760071, 0.6541176438331604, 0.6494117379188538
 ],
 "val_emotion_output_precision": [
  0.0, 0.824999988079071, 0.6850000023841858, 0.6846473217010498,
  0.702602207660675, 0.7201365232467651, 0.7093425393104553, 0.7516778707504272,
  0.7310126423835754, 0.7147239446640015
 ],
 "val_emotion_output_recall": [
  0.0, 0.07764706015586853, 0.32235294580459595, 0.38823530077934265,
  0.44470587372779846, 0.4964706003665924, 0.48235294222831726,
  0.5270588397979736, 0.5435293912887573, 0.548235297203064
 ],
 "val_emotion_output_em_auc": [
  0.7510988116264343, 0.8454761505126953, 0.8768126964569092,
  0.8820076584815979, 0.8874942660331726, 0.8973367810249329,
  0.8768024444580078, 0.9004018902778625, 0.8907608389854431, 0.8939819931983948
 ],
 "val_toxicity_output_accuracy": [
  0.47294119000434875, 0.5717647075653076, 0.6094117760658264,
  0.6094117760658264, 0.6564705967903137, 0.6517646908760071, 0.658823549747467,
  0.6658823490142822, 0.677647054195404, 0.6823529601097107
 ],
 "val_toxicity_output_precision": [
  0.9375, 0.7749999761581421, 0.7906976938247681, 0.7439024448394775,
  0.7228915691375732, 0.7320261597633362, 0.7163323760032654,
  0.7568389177322388, 0.7522658705711365, 0.7356321811676025
 ],
 "val_toxicity_output_recall": [
  0.03529411926865578, 0.21882352232933044, 0.3199999928474426,
  0.4305882453918457, 0.5647059082984924, 0.5270588397979736,
  0.5882353186607361, 0.5858823657035828, 0.5858823657035828, 0.6023529171943665
 ],
 "val_toxicity_output_to_auc": [
  0.8427248001098633, 0.8835932612419128, 0.895446240901947, 0.9089635014533997,
  0.9174046516418457, 0.9222061038017273, 0.9197593927383423,
  0.9169496297836304, 0.9178546667098999, 0.9239874482154846
 ],
 "lr": [1e-4, 1e-4, 1e-4, 1e-4, 1e-4, 1e-4, 1e-4, 1e-4, 1e-4, 1e-4]
}
