{
 "loss": [
  15.221415519714355, 12.631990432739258, 10.392180442810059, 8.645713806152344,
  7.25590705871582, 6.454623222351074, 6.2659430503845215, 6.129509449005127,
  5.992203235626221, 5.855895519256592
 ],
 "emotion_output_loss": [
  1.7826614379882812, 1.588719129562378, 1.388183355331421, 1.242110252380371,
  1.1324913501739502, 1.026571273803711, 0.9688866138458252, 0.9438682198524475,
  0.921965479850769, 0.8996270298957825
 ],
 "toxicity_output_loss": [
  1.8686436414718628, 1.5236505270004272, 1.176269292831421, 0.9775822758674622,
  0.8527591228485107, 0.718532383441925, 0.6809607744216919, 0.6628821492195129,
  0.6403157114982605, 0.6183664202690125
 ],
 "emotion_output_accuracy": [
  0.21344493329524994, 0.3442322909832001, 0.4572325348854065,
  0.5448600649833679, 0.5982213020324707, 0.6439968347549438,
  0.6672769784927368, 0.6832330822944641, 0.6876798272132874, 0.7038974761962891
 ],
 "emotion_output_precision": [
  0.0, 0.5, 0.737864077091217, 0.716796875, 0.7291169166564941,
  0.7937336564064026, 0.8083257079124451, 0.8050127625465393,
  0.8152492642402649, 0.8241577744483948
 ],
 "emotion_output_recall": [
  0.0, 0.001307873404584825, 0.07951870560646057, 0.19199581444263458,
  0.3196442723274231, 0.39759349822998047, 0.4622024595737457,
  0.49568402767181396, 0.5090243220329285, 0.5247188210487366
 ],
 "emotion_output_em_auc": [
  0.548322856426239, 0.7193038463592529, 0.7994132041931152, 0.8439655900001526,
  0.8744238018989563, 0.9018197655677795, 0.9145109057426453,
  0.9181334376335144, 0.9228273034095764, 0.9275951385498047
 ],
 "toxicity_output_accuracy": [
  0.23384776711463928, 0.3991629481315613, 0.5479989647865295,
  0.6241171956062317, 0.6863719820976257, 0.747842013835907, 0.7705990076065063,
  0.7682448625564575, 0.7818467020988464, 0.7886476516723633
 ],
 "toxicity_output_precision": [
  0.0, 0.8714285492897034, 0.79076087474823, 0.7597984075546265,
  0.7715075016021729, 0.8169889450073242, 0.8325503468513489,
  0.8352402448654175, 0.8438213467597961, 0.8488038182258606
 ],
 "toxicity_output_recall": [
  0.0, 0.015956055372953415, 0.1522364616394043, 0.35495683550834656,
  0.5113785266876221, 0.6188856959342957, 0.6489667892456055, 0.668323278427124,
  0.6769552826881409, 0.696050226688385
 ],
 "toxicity_output_to_auc": [
  0.5765461325645447, 0.7906488180160522, 0.8821597695350647,
  0.9134283065795898, 0.9343296885490417, 0.954463541507721, 0.960311770439148,
  0.9616814851760864, 0.9651042222976685, 0.9670189619064331
 ],
 "val_loss": [
  13.919462203979492, 11.268497467041016, 9.44940185546875, 8.004067420959473,
  6.8584818840026855, 6.644259452819824, 6.5325493812561035, 6.421115398406982,
  6.305933952331543, 6.207572937011719
 ],
 "val_emotion_output_loss": [
  1.680994987487793, 1.4496712684631348, 1.3118014335632324, 1.2105026245117188,
  1.1601567268371582, 1.0871714353561401, 1.0642166137695312,
  1.0558266639709473, 1.0513135194778442, 1.0466002225875854
 ],
 "val_toxicity_output_loss": [
  1.780686378479004, 1.215926170349121, 1.0697013139724731, 0.9950871467590332,
  0.9430516958236694, 0.8952376246452332, 0.8999443054199219,
  0.8900372385978699, 0.8718201518058777, 0.8697010278701782
 ],
 "val_emotion_output_accuracy": [
  0.3270588219165802, 0.41647058725357056, 0.477647066116333,
  0.5176470875740051, 0.548235297203064, 0.5694117546081543, 0.5976470708847046,
  0.6000000238418579, 0.6164705753326416, 0.6141176223754883
 ],
 "val_emotion_output_precision": [
  0.0, 0.8148148059844971, 0.6413043737411499, 0.6448087692260742,
  0.6848739385604858, 0.7090163826942444, 0.6819788217544556,
  0.7024221420288086, 0.7068965435028076, 0.7070707082748413
 ],
 "val_emotion_output_recall": [
  0.0, 0.051764704287052155, 0.1388235241174698, 0.2776470482349396,
  0.3835294246673584, 0.40705883502960205, 0.45411765575408936,
  0.477647066116333, 0.48235294222831726, 0.4941176474094391
 ],
 "val_emotion_output_em_auc": [
  0.6938851475715637, 0.7836575508117676, 0.8310672640800476,
  0.8510558605194092, 0.8575707077980042, 0.8719853758811951,
  0.8794057965278625, 0.8806225657463074, 0.8820600509643555, 0.8824944496154785
 ],
 "val_toxicity_output_accuracy": [
  0.23529411852359772, 0.5105882287025452, 0.5741176605224609,
  0.6188235282897949, 0.6352941393852234, 0.6658823490142822,
  0.6658823490142822, 0.658823549747467, 0.6729411482810974, 0.6800000071525574
 ],
 "val_toxicity_output_precision": [
  0.0, 0.8888888955116272, 0.7025641202926636, 0.6920289993286133,
  0.6906906962394714, 0.7113702893257141, 0.7068965435028076,
  0.7062146663665771, 0.7249283790588379, 0.7032085657119751
 ],
 "val_toxicity_output_recall": [
  0.0, 0.11294117569923401, 0.32235294580459595, 0.4494117498397827,
  0.5411764979362488, 0.5741176605224609, 0.5788235068321228,
  0.5882353186607361, 0.5952941179275513, 0.6188235282897949
 ],
 "val_toxicity_output_to_auc": [
  0.7168592810630798, 0.8771206736564636, 0.8943581581115723,
  0.9107536673545837, 0.9167769551277161, 0.9202353358268738,
  0.9207185506820679, 0.9213492274284363, 0.9242004156112671, 0.9240130186080933
 ],
 "lr": [1e-4, 1e-4, 1e-4, 1e-4, 1e-4, 1e-5, 1e-5, 1e-5, 1e-5, 1e-5]
}
