{
 "loss": [
  21.467485427856445, 17.477500915527344, 14.253047943115234,
  11.718092918395996, 9.706609725952148, 8.089201927185059, 6.776736259460449,
  5.721707344055176, 4.882735729217529, 4.217104434967041
 ],
 "emotion_output_loss": [
  1.753784418106079, 1.5118647813796997, 1.2757556438446045, 1.1265239715576172,
  1.016054391860962, 0.9381856918334961, 0.8776599764823914, 0.8165959119796753,
  0.7815933227539062, 0.7497757077217102
 ],
 "toxicity_output_loss": [
  1.7940020561218262, 1.3447524309158325, 1.05823814868927, 0.8797107934951782,
  0.7832396626472473, 0.710910975933075, 0.644984781742096, 0.6054366230964661,
  0.5662733316421509, 0.5439948439598083
 ],
 "emotion_output_accuracy": [
  0.22547736763954163, 0.37902170419692993, 0.5244572162628174,
  0.5976981520652771, 0.6500130891799927, 0.6719853281974792, 0.699450671672821,
  0.7198535203933716, 0.72796231508255, 0.7402563691139221
 ],
 "emotion_output_precision": [
  0.0, 0.7037037014961243, 0.75, 0.7520504593849182, 0.77028888463974,
  0.777105987071991, 0.7884267568588257, 0.8141940236091614, 0.8109017610549927,
  0.8280558586120605
 ],
 "emotion_output_recall": [
  0.0, 0.019879676401615143, 0.16243787109851837, 0.31179702281951904,
  0.43944546580314636, 0.504315972328186, 0.5702328085899353,
  0.5971750020980835, 0.6303949952125549, 0.6361496448516846
 ],
 "emotion_output_em_auc": [
  0.5773696303367615, 0.7516921162605286, 0.8419808745384216,
  0.8771396279335022, 0.900005042552948, 0.9153439402580261, 0.9252298474311829,
  0.9357621073722839, 0.9402549862861633, 0.9453513622283936
 ],
 "toxicity_output_accuracy": [
  0.2654983103275299, 0.46874183416366577, 0.612346351146698,
  0.6840177774429321, 0.7214229702949524, 0.7431336641311646,
  0.7643212080001831, 0.7808004021644592, 0.7970180511474609, 0.804865300655365
 ],
 "toxicity_output_precision": [
  0.0, 0.7492260336875916, 0.7291527390480042, 0.7709611654281616,
  0.7788194417953491, 0.7958455085754395, 0.8130258917808533,
  0.8218390941619873, 0.8317065834999084, 0.8366877436637878
 ],
 "toxicity_output_recall": [
  0.0, 0.06330107152462006, 0.28590112924575806, 0.49306827783584595,
  0.5867120027542114, 0.6413810849189758, 0.6824483275413513,
  0.7106984257698059, 0.7355480194091797, 0.7611823081970215
 ],
 "toxicity_output_to_auc": [
  0.6434524655342102, 0.8432846069335938, 0.9059070944786072,
  0.9333757758140564, 0.9438947439193726, 0.9530623555183411, 0.959740936756134,
  0.9650620222091675, 0.9690861105918884, 0.9702845811843872
 ],
 "val_loss": [
  19.30381965637207, 15.760467529296875, 13.060388565063477, 10.849547386169434,
  9.256810188293457, 7.838782787322998, 6.7752604484558105, 5.935425281524658,
  5.1196370124816895, 4.69611120223999
 ],
 "val_emotion_output_loss": [
  1.6511512994766235, 1.3968603610992432, 1.2730036973953247,
  1.1514790058135986, 1.154008388519287, 1.0860273838043213, 1.1242743730545044,
  1.1231141090393066, 1.0542888641357422, 1.1497268676757812
 ],
 "val_toxicity_output_loss": [
  1.5234569311141968, 1.2130935192108154, 1.0688621997833252,
  0.9685454368591309, 0.9956856966018677, 0.9606207609176636,
  0.9191789627075195, 0.9313795566558838, 0.8659573197364807, 0.8899233341217041
 ],
 "val_emotion_output_accuracy": [
  0.3247058689594269, 0.477647066116333, 0.4847058951854706, 0.6000000238418579,
  0.5882353186607361, 0.6164705753326416, 0.6094117760658264,
  0.6141176223754883, 0.6305882334709167, 0.6164705753326416
 ],
 "val_emotion_output_precision": [
  0.0, 0.7727272510528564, 0.6866666674613953, 0.6859205961227417,
  0.6496815085411072, 0.6975308656692505, 0.6677316427230835,
  0.6626505851745605, 0.7108433842658997, 0.6785714030265808
 ],
 "val_emotion_output_recall": [
  0.0, 0.11999999731779099, 0.2423529475927353, 0.4470588266849518,
  0.47999998927116394, 0.5317646861076355, 0.49176469445228577,
  0.5176470875740051, 0.5552940964698792, 0.5364705920219421
 ],
 "val_emotion_output_em_auc": [
  0.6963212490081787, 0.8051212430000305, 0.840462863445282, 0.8593042492866516,
  0.8638806343078613, 0.8750883936882019, 0.8658387660980225,
  0.8684306740760803, 0.8837105631828308, 0.8664304614067078
 ],
 "val_toxicity_output_accuracy": [
  0.38823530077934265, 0.5011764764785767, 0.5835294127464294,
  0.6164705753326416, 0.6399999856948853, 0.6517646908760071,
  0.6541176438331604, 0.6611764430999756, 0.6658823490142822, 0.6847058534622192
 ],
 "val_toxicity_output_precision": [
  0.0, 0.7006802558898926, 0.6448276042938232, 0.6888217329978943,
  0.6592797636985779, 0.6807388067245483, 0.6912928819656372,
  0.6839378476142883, 0.7165775299072266, 0.7061855792999268
 ],
 "val_toxicity_output_recall": [
  0.0, 0.2423529475927353, 0.4399999976158142, 0.5364705920219421,
  0.5600000023841858, 0.6070588231086731, 0.6164705753326416,
  0.6211764812469482, 0.6305882334709167, 0.6447058916091919
 ],
 "val_toxicity_output_to_auc": [
  0.7967885136604309, 0.8756232857704163, 0.8979490399360657,
  0.9130237698554993, 0.9083163142204285, 0.9106403589248657, 0.920375406742096,
  0.9169073104858398, 0.9320467710494995, 0.9207450151443481
 ],
 "lr": [1e-4, 1e-4, 1e-4, 1e-4, 1e-4, 1e-4, 1e-4, 1e-4, 1e-4, 1e-4]
}
