{
 "loss": [
  55.166011810302734, 44.935699462890625, 36.68119430541992, 29.907413482666016,
  24.542245864868164, 20.201961517333984, 16.781484603881836,
  13.996315002441406, 11.79701042175293, 10.066764831542969
 ],
 "emotion_output_loss": [
  1.8063950538635254, 1.7935281991958618, 1.799396276473999, 1.7784441709518433,
  1.7850544452667236, 1.7868568897247314, 1.8047676086425781,
  1.7978498935699463, 1.7969473600387573, 1.7952489852905273
 ],
 "toxicity_output_loss": [
  1.904028058052063, 1.8785291910171509, 1.8927119970321655, 1.8311338424682617,
  1.859026312828064, 1.86307954788208, 1.9025613069534302, 1.8950610160827637,
  1.8929924964904785, 1.8937336206436157
 ],
 "emotion_output_accuracy": [
  0.16923882067203522, 0.18938006460666656, 0.17787078022956848,
  0.2100444734096527, 0.18728746473789215, 0.18519487977027893,
  0.17760920524597168, 0.1687156707048416, 0.15589851140975952,
  0.16296102106571198
 ],
 "emotion_output_precision": [0.0, 0.0, 0.0, 0.0, 0.0, 0.0, 0.0, 0.0, 0.0, 0.0],
 "emotion_output_recall": [0.0, 0.0, 0.0, 0.0, 0.0, 0.0, 0.0, 0.0, 0.0, 0.0],
 "emotion_output_em_auc": [
  0.499373197555542, 0.5253533720970154, 0.5059093832969666, 0.5557882189750671,
  0.529595673084259, 0.5226278305053711, 0.5242037177085876,
  0.49456802010536194, 0.49087050557136536, 0.49344468116760254
 ],
 "toxicity_output_accuracy": [
  0.2207690328359604, 0.22966256737709045, 0.2095213234424591,
  0.23907925188541412, 0.24143342673778534, 0.2346324920654297,
  0.21763013303279877, 0.2223384827375412, 0.22521579265594482,
  0.22024588286876678
 ],
 "toxicity_output_precision": [
  0.0, 0.0, 0.0, 0.0, 0.0, 0.0, 0.0, 0.0, 0.0, 0.0
 ],
 "toxicity_output_recall": [0.0, 0.0, 0.0, 0.0, 0.0, 0.0, 0.0, 0.0, 0.0, 0.0],
 "toxicity_output_to_auc": [
  0.5005446672439575, 0.5470125079154968, 0.5203074216842651,
  0.6071142554283142, 0.5452424883842468, 0.532001793384552, 0.542634129524231,
  0.4972570240497589, 0.4969087243080139, 0.49533599615097046
 ],
 "val_loss": [
  49.53486633300781, 40.45990753173828, 33.05140686035156, 26.903032302856445,
  22.209976196289062, 18.172443389892578, 15.255849838256836,
  12.784825325012207, 10.850761413574219, 9.327635765075684
 ],
 "val_emotion_output_loss": [
  1.7807962894439697, 1.7981764078140259, 1.8123247623443604,
  1.7628686428070068, 1.7911248207092285, 1.740740180015564, 1.7956047058105469,
  1.7925935983657837, 1.795846700668335, 1.7964766025543213
 ],
 "val_toxicity_output_loss": [
  1.8470592498779297, 1.9127017259597778, 1.9036264419555664,
  1.7912663221359253, 1.8980093002319336, 1.7863270044326782,
  1.9052952527999878, 1.8960387706756592, 1.9000645875930786, 1.9000210762023926
 ],
 "val_emotion_output_accuracy": [
  0.1764705926179886, 0.1411764770746231, 0.14588235318660736,
  0.20941177010536194, 0.17176470160484314, 0.24705882370471954,
  0.1788235306739807, 0.1411764770746231, 0.1411764770746231, 0.1411764770746231
 ],
 "val_emotion_output_precision": [
  0.0, 0.0, 0.0, 0.0, 0.0, 0.0, 0.0, 0.0, 0.0, 0.0
 ],
 "val_emotion_output_recall": [
  0.0, 0.0, 0.0, 0.0, 0.0, 0.0, 0.0, 0.0, 0.0, 0.0
 ],
 "val_emotion_output_em_auc": [
  0.5263355374336243, 0.4982689321041107, 0.5443599820137024,
  0.5702453255653381, 0.5002331137657166, 0.6002541184425354, 0.5, 0.5, 0.5, 0.5
 ],
 "val_toxicity_output_accuracy": [
  0.2047058790922165, 0.23999999463558197, 0.27529412508010864,
  0.28470587730407715, 0.2423529475927353, 0.28470587730407715,
  0.23999999463558197, 0.23999999463558197, 0.19294117391109467,
  0.23999999463558197
 ],
 "val_toxicity_output_precision": [
  0.0, 0.0, 0.0, 0.0, 0.0, 0.0, 0.0, 0.0, 0.0, 0.0
 ],
 "val_toxicity_output_recall": [
  0.0, 0.0, 0.0, 0.0, 0.0, 0.0, 0.0, 0.0, 0.0, 0.0
 ],
 "val_toxicity_output_to_auc": [
  0.5996783375740051, 0.49321284890174866, 0.5583078265190125,
  0.5874003171920776, 0.5016732215881348, 0.6266116499900818, 0.5, 0.5, 0.5, 0.5
 ],
 "lr": [1e-4, 1e-4, 1e-4, 1e-4, 1e-4, 1e-4, 1e-4, 1e-4, 1e-4, 1e-4]
}
