{
 "loss": [
  58.334007263183594, 47.48958206176758, 38.631412506103516, 31.5264892578125,
  25.792762756347656, 21.22877311706543, 17.53416633605957, 14.594602584838867,
  12.27023696899414, 10.445318222045898
 ],
 "emotion_output_loss": [
  1.80905020236969, 1.7914462089538574, 1.7683521509170532, 1.7779839038848877,
  1.777753472328186, 1.796039342880249, 1.7965824604034424, 1.7946821451187134,
  1.7959773540496826, 1.7972629070281982
 ],
 "toxicity_output_loss": [
  1.9100652933120728, 1.8912380933761597, 1.846268892288208, 1.8486716747283936,
  1.8611136674880981, 1.8975985050201416, 1.8969473838806152,
  1.8978224992752075, 1.895551323890686, 1.8962427377700806
 ],
 "emotion_output_accuracy": [
  0.1647920459508896, 0.18310227990150452, 0.1930421143770218,
  0.1812712550163269, 0.18990321457386017, 0.15746796131134033,
  0.1658383458852768, 0.17682448029518127, 0.15563693642616272,
  0.15014386177062988
 ],
 "emotion_output_precision": [
  0.0, 0.0, 0.25, 0.4000000059604645, 0.0, 0.0, 0.0, 0.0, 0.0, 0.0
 ],
 "emotion_output_recall": [
  0.0, 0.0, 0.0002615746925584972, 0.0005231493851169944, 0.0, 0.0, 0.0, 0.0,
  0.0, 0.0
 ],
 "emotion_output_em_auc": [
  0.500215470790863, 0.5236122012138367, 0.5484656691551208, 0.5232763886451721,
  0.5284936428070068, 0.4971679151058197, 0.49663087725639343,
  0.5017446279525757, 0.49328184127807617, 0.4862096309661865
 ],
 "toxicity_output_accuracy": [
  0.21501438319683075, 0.22809311747550964, 0.24823437631130219,
  0.24771122634410858, 0.23934082686901093, 0.21893800795078278,
  0.21972273290157318, 0.2215537577867508, 0.2228616327047348,
  0.21815328299999237
 ],
 "toxicity_output_precision": [
  0.0, 0.0, 0.0, 0.0, 0.0, 0.0, 0.0, 0.0, 0.0, 0.0
 ],
 "toxicity_output_recall": [0.0, 0.0, 0.0, 0.0, 0.0, 0.0, 0.0, 0.0, 0.0, 0.0],
 "toxicity_output_to_auc": [
  0.50107741355896, 0.5200708508491516, 0.5550693273544312, 0.5320054888725281,
  0.532211422920227, 0.49664974212646484, 0.4923008382320404,
  0.48856353759765625, 0.49713510274887085, 0.4922437071800232
 ],
 "val_loss": [
  52.414180755615234, 42.605899810791016, 34.757835388183594,
  28.344745635986328, 23.302602767944336, 19.17696762084961, 15.897412300109863,
  13.301830291748047, 11.243978500366211, 9.634337425231934
 ],
 "val_emotion_output_loss": [
  1.7942956686019897, 1.7579779624938965, 1.7866454124450684, 1.763679027557373,
  1.7948209047317505, 1.7926931381225586, 1.7923020124435425,
  1.7936902046203613, 1.793387770652771, 1.7925444841384888
 ],
 "val_toxicity_output_loss": [
  1.8842984437942505, 1.8352316617965698, 1.8382855653762817,
  1.8205859661102295, 1.8810248374938965, 1.873695969581604, 1.8779780864715576,
  1.8838393688201904, 1.8782378435134888, 1.8778510093688965
 ],
 "val_emotion_output_accuracy": [
  0.1388235241174698, 0.22823528945446014, 0.17176470160484314,
  0.2047058790922165, 0.1411764770746231, 0.1411764770746231,
  0.1788235306739807, 0.1411764770746231, 0.169411763548851, 0.17411763966083527
 ],
 "val_emotion_output_precision": [
  0.0, 0.0, 0.3888888955116272, 0.0, 0.0, 0.0, 0.0, 0.0, 0.0, 0.0
 ],
 "val_emotion_output_recall": [
  0.0, 0.0, 0.03294117748737335, 0.0, 0.0, 0.0, 0.0, 0.0, 0.0, 0.0
 ],
 "val_emotion_output_em_auc": [
  0.5040228366851807, 0.5683049559593201, 0.521604061126709, 0.5480332970619202,
  0.5, 0.5, 0.5, 0.5, 0.5, 0.5
 ],
 "val_toxicity_output_accuracy": [
  0.26823529601097107, 0.20705881714820862, 0.30352941155433655,
  0.2988235354423523, 0.26823529601097107, 0.26823529601097107,
  0.26823529601097107, 0.26823529601097107, 0.26823529601097107,
  0.26823529601097107
 ],
 "val_toxicity_output_precision": [
  0.0, 0.0, 0.0, 0.0, 0.0, 0.0, 0.0, 0.0, 0.0, 0.0
 ],
 "val_toxicity_output_recall": [
  0.0, 0.0, 0.0, 0.0, 0.0, 0.0, 0.0, 0.0, 0.0, 0.0
 ],
 "val_toxicity_output_to_auc": [
  0.5004342794418335, 0.575943648815155, 0.5435493588447571, 0.5579810738563538,
  0.5, 0.5, 0.5, 0.5, 0.5, 0.5
 ],
 "lr": [1e-4, 1e-4, 1e-4, 1e-4, 1e-4, 1e-4, 1e-4, 1e-4, 1e-4, 1e-4]
}
