{
 "loss": [
  5.854732990264893, 5.516343116760254, 4.888129234313965, 4.297187805175781,
  3.8614609241485596, 3.5176141262054443, 3.298463821411133, 3.0810651779174805,
  2.9052200317382812, 2.765674114227295
 ],
 "emotion_output_loss": [
  1.793559193611145, 1.7124675512313843, 1.524269700050354, 1.332493782043457,
  1.1842154264450073, 1.0487195253372192, 0.9813166260719299,
  0.9109805226325989, 0.8401534557342529, 0.8037996888160706
 ],
 "toxicity_output_loss": [
  1.8826311826705933, 1.749505639076233, 1.4207366704940796, 1.1210601329803467,
  0.9244113564491272, 0.8013957738876343, 0.7315717339515686,
  0.6628007888793945, 0.6317641735076904, 0.5994670391082764
 ],
 "emotion_output_accuracy": [
  0.18911848962306976, 0.2644520103931427, 0.38477635383605957,
  0.4820821285247803, 0.5616008639335632, 0.6251634955406189,
  0.6484436392784119, 0.6819251775741577, 0.7120062708854675, 0.7256081700325012
 ],
 "emotion_output_precision": [
  0.0, 0.0, 0.7537688612937927, 0.7537437677383423, 0.7751938104629517,
  0.7841218113899231, 0.7825112342834473, 0.7968190908432007,
  0.8072859644889832, 0.8232975006103516
 ],
 "emotion_output_recall": [
  0.0, 0.0, 0.03923620283603668, 0.11849333345890045, 0.2615746855735779,
  0.3771906793117523, 0.4564478099346161, 0.524195671081543, 0.5796495079994202,
  0.6008370518684387
 ],
 "emotion_output_em_auc": [
  0.5324037671089172, 0.6345763802528381, 0.7463116645812988, 0.823754072189331,
  0.8636395335197449, 0.8969241976737976, 0.9069690704345703,
  0.9213055968284607, 0.9321373105049133, 0.939694881439209
 ],
 "toxicity_output_accuracy": [
  0.22887784242630005, 0.31467434763908386, 0.4323829412460327,
  0.5571540594100952, 0.6599529385566711, 0.7099136710166931, 0.727177619934082,
  0.753858208656311, 0.771906852722168, 0.7732147574424744
 ],
 "toxicity_output_precision": [
  0.0, 1.0, 0.807272732257843, 0.7540983557701111, 0.7579042315483093,
  0.7743315696716309, 0.7801724076271057, 0.8013328909873962,
  0.8130581974983215, 0.8079350590705872
 ],
 "toxicity_output_recall": [
  0.0, 0.0010462987702339888, 0.05806957930326462, 0.19251896440982819,
  0.43892231583595276, 0.5681402087211609, 0.6154851913452148,
  0.6604760885238647, 0.6905571818351746, 0.7031127214431763
 ],
 "toxicity_output_to_auc": [
  0.5444004535675049, 0.6724056601524353, 0.8165359497070312,
  0.8940573930740356, 0.9270743131637573, 0.9416724443435669,
  0.9491639733314514, 0.9568756222724915, 0.9606794714927673, 0.962893545627594
 ],
 "val_loss": [
  5.7826666831970215, 5.084473133087158, 4.584046840667725, 4.20563268661499,
  3.953223705291748, 3.834613800048828, 3.643441915512085, 3.531219959259033,
  3.5020718574523926, 3.438385248184204
 ],
 "val_emotion_output_loss": [
  1.7922375202178955, 1.6050013303756714, 1.4956684112548828,
  1.3426687717437744, 1.3105666637420654, 1.2627872228622437,
  1.2487212419509888, 1.2149665355682373, 1.2581653594970703, 1.2395907640457153
 ],
 "val_toxicity_output_loss": [
  1.8770068883895874, 1.4839240312576294, 1.197809100151062, 1.066805124282837,
  0.9343413710594177, 0.9468159079551697, 0.8497663140296936,
  0.8475050330162048, 0.84745854139328, 0.871423602104187
 ],
 "val_emotion_output_accuracy": [
  0.23999999463558197, 0.3270588219165802, 0.3576470613479614,
  0.44235295057296753, 0.48941177129745483, 0.5152941346168518,
  0.5388235449790955, 0.5505882501602173, 0.5458823442459106, 0.5505882501602173
 ],
 "val_emotion_output_precision": [
  0.0, 0.5833333134651184, 0.5483871102333069, 0.5925925970077515,
  0.6222222447395325, 0.6212121248245239, 0.5973154306411743,
  0.6181229948997498, 0.6107594966888428, 0.6160714030265808
 ],
 "val_emotion_output_recall": [
  0.0, 0.03294117748737335, 0.07999999821186066, 0.1882352977991104,
  0.2635294198989868, 0.38588234782218933, 0.4188235402107239,
  0.4494117498397827, 0.45411765575408936, 0.4870588183403015
 ],
 "val_emotion_output_em_auc": [
  0.5457234382629395, 0.7384971976280212, 0.7685217261314392,
  0.8174386024475098, 0.8250794410705566, 0.8382255434989929,
  0.8401967883110046, 0.8509356379508972, 0.8399116396903992, 0.8509981632232666
 ],
 "val_toxicity_output_accuracy": [
  0.2423529475927353, 0.4000000059604645, 0.48941177129745483,
  0.5788235068321228, 0.6729411482810974, 0.6682353019714355,
  0.6682353019714355, 0.6894117593765259, 0.7176470756530762, 0.7058823704719543
 ],
 "val_toxicity_output_precision": [
  0.0, 0.7894737124443054, 0.7821782231330872, 0.6729559898376465,
  0.7103658318519592, 0.7027027010917664, 0.6950904130935669,
  0.7060367465019226, 0.747989296913147, 0.7256857752799988
 ],
 "val_toxicity_output_recall": [
  0.0, 0.03529411926865578, 0.1858823597431183, 0.50352942943573,
  0.548235297203064, 0.6117647290229797, 0.6329411864280701, 0.6329411864280701,
  0.6564705967903137, 0.6847058534622192
 ],
 "val_toxicity_output_to_auc": [
  0.5464292168617249, 0.7990556359291077, 0.8664869666099548,
  0.8933709859848022, 0.9175528287887573, 0.9163055419921875,
  0.9291515946388245, 0.9274527430534363, 0.9270466566085815, 0.9277921319007874
 ]
}
