{
 "loss": [
  59.50751495361328, 49.141841888427734, 40.69867706298828, 33.8433723449707,
  28.28426742553711, 23.790353775024414, 20.172643661499023, 17.269704818725586,
  14.950291633605957, 13.100193977355957, 12.224252700805664
 ],
 "emotion_output_loss": [
  1.8101294040679932, 1.7999370098114014, 1.7964236736297607,
  1.7964786291122437, 1.7969691753387451, 1.7959307432174683,
  1.7957093715667725, 1.7949790954589844, 1.7953988313674927,
  1.7935738563537598, 1.7952114343643188
 ],
 "toxicity_output_loss": [
  1.910901427268982, 1.9007519483566284, 1.8971534967422485, 1.8973402976989746,
  1.8952535390853882, 1.893420934677124, 1.8937034606933594, 1.8937959671020508,
  1.8935542106628418, 1.8934425115585327, 1.893090009689331
 ],
 "emotion_output_accuracy": [
  0.16976197063922882, 0.1647920459508896, 0.17237772047519684,
  0.15772953629493713, 0.16557677090168, 0.16453047096729279,
  0.16034527122974396, 0.1660999208688736, 0.16086842119693756,
  0.16269944608211517, 0.16060684621334076
 ],
 "emotion_output_precision": [
  0.0, 0.0, 0.0, 0.0, 0.0, 0.0, 0.0, 0.0, 0.0, 0.0, 0.0
 ],
 "emotion_output_recall": [
  0.0, 0.0, 0.0, 0.0, 0.0, 0.0, 0.0, 0.0, 0.0, 0.0, 0.0
 ],
 "emotion_output_em_auc": [
  0.5019175410270691, 0.49817028641700745, 0.5048883557319641,
  0.496854305267334, 0.4953179657459259, 0.49774253368377686,
  0.4935876429080963, 0.5003569722175598, 0.49090924859046936,
  0.5019239783287048, 0.48906973004341125
 ],
 "toxicity_output_accuracy": [
  0.21266020834445953, 0.21867643296718597, 0.21946115791797638,
  0.23201674222946167, 0.21998430788516998, 0.22861626744270325,
  0.22783154249191284, 0.223907932639122, 0.22600051760673523,
  0.22469264268875122, 0.22809311747550964
 ],
 "toxicity_output_precision": [
  0.0, 0.0, 0.0, 0.0, 0.0, 0.0, 0.0, 0.0, 0.0, 0.0, 0.0
 ],
 "toxicity_output_recall": [
  0.0, 0.0, 0.0, 0.0, 0.0, 0.0, 0.0, 0.0, 0.0, 0.0, 0.0
 ],
 "toxicity_output_to_auc": [
  0.4952680170536041, 0.4879814088344574, 0.4983866512775421,
  0.49597832560539246, 0.5014228224754333, 0.503243625164032,
  0.49934789538383484, 0.49966350197792053, 0.5003748536109924,
  0.5034598708152771, 0.49431779980659485
 ],
 "val_loss": [
  53.83250427246094, 44.5424690246582, 36.95975875854492, 30.799571990966797,
  25.82121467590332, 21.80069351196289, 18.57987403869629, 15.989691734313965,
  13.935461044311523, 12.288993835449219, 12.143753051757812
 ],
 "val_emotion_output_loss": [
  1.787501573562622, 1.8079391717910767, 1.8002166748046875, 1.7920308113098145,
  1.7970144748687744, 1.7912869453430176, 1.799686074256897, 1.78964364528656,
  1.7975294589996338, 1.7957011461257935, 1.7950115203857422
 ],
 "val_toxicity_output_loss": [
  1.8856847286224365, 1.8889573812484741, 1.8913432359695435,
  1.8903698921203613, 1.8847758769989014, 1.8863492012023926, 1.885753870010376,
  1.8900867700576782, 1.8899880647659302, 1.886516809463501, 1.886631727218628
 ],
 "val_emotion_output_accuracy": [
  0.1882352977991104, 0.13411764800548553, 0.1599999964237213,
  0.1882352977991104, 0.1599999964237213, 0.1882352977991104,
  0.13411764800548553, 0.1788235306739807, 0.15529412031173706,
  0.13411764800548553, 0.13411764800548553
 ],
 "val_emotion_output_precision": [
  0.0, 0.0, 0.0, 0.0, 0.0, 0.0, 0.0, 0.0, 0.0, 0.0, 0.0
 ],
 "val_emotion_output_recall": [
  0.0, 0.0, 0.0, 0.0, 0.0, 0.0, 0.0, 0.0, 0.0, 0.0, 0.0
 ],
 "val_emotion_output_em_auc": [
  0.5, 0.5, 0.5, 0.5, 0.5, 0.5, 0.5, 0.5, 0.5, 0.5, 0.5
 ],
 "val_toxicity_output_accuracy": [
  0.23529411852359772, 0.23529411852359772, 0.23529411852359772,
  0.2047058790922165, 0.23529411852359772, 0.23529411852359772,
  0.23529411852359772, 0.23529411852359772, 0.23529411852359772,
  0.23529411852359772, 0.23529411852359772
 ],
 "val_toxicity_output_precision": [
  0.0, 0.0, 0.0, 0.0, 0.0, 0.0, 0.0, 0.0, 0.0, 0.0, 0.0
 ],
 "val_toxicity_output_recall": [
  0.0, 0.0, 0.0, 0.0, 0.0, 0.0, 0.0, 0.0, 0.0, 0.0, 0.0
 ],
 "val_toxicity_output_to_auc": [
  0.5, 0.5, 0.5, 0.5, 0.5, 0.5, 0.5, 0.5, 0.5, 0.5, 0.5
 ],
 "lr": [1e-4, 1e-4, 1e-4, 1e-4, 1e-4, 1e-4, 1e-4, 1e-4, 1e-4, 1e-4, 1e-5]
}
