{
 "loss": [
  60.969215393066406, 49.397674560546875, 40.31403732299805, 33.09157943725586,
  27.372417449951172, 22.834644317626953, 19.236488342285156,
  16.407411575317383, 14.161925315856934, 12.408836364746094, 11.47500991821289,
  11.277594566345215, 11.112979888916016, 10.957138061523438, 10.80467700958252,
  10.660416603088379, 10.514001846313477, 10.366588592529297,
  10.227825164794922, 10.090577125549316, 9.99617862701416, 9.975464820861816,
  9.963165283203125, 9.948241233825684, 9.929615020751953, 9.917937278747559,
  9.900750160217285, 9.888693809509277, 9.878260612487793, 9.85649299621582
 ],
 "emotion_output_loss": [
  1.6199251413345337, 1.3655778169631958, 1.2652543783187866, 1.186972737312317,
  1.1384472846984863, 1.100986123085022, 1.0417932271957397, 1.008270025253296,
  0.9762827754020691, 0.9531919956207275, 0.8795788884162903,
  0.8440200090408325, 0.8304318785667419, 0.8177734017372131,
  0.8058276772499084, 0.7981709241867065, 0.7898242473602295,
  0.7785411477088928, 0.7647704482078552, 0.7629614472389221,
  0.7455660700798035, 0.7424978017807007, 0.7390363812446594,
  0.7389529943466187, 0.7359789609909058, 0.7347174882888794,
  0.7338501811027527, 0.7348017692565918, 0.7350434064865112, 0.7331359386444092
 ],
 "toxicity_output_loss": [
  1.6008765697479248, 1.3460384607315063, 1.175363540649414, 1.0437525510787964,
  0.9440857172012329, 0.8579490184783936, 0.8053027391433716,
  0.7555959820747375, 0.7013099193572998, 0.6703274250030518,
  0.6101416349411011, 0.5801778435707092, 0.5614071488380432,
  0.5503795742988586, 0.5415871143341064, 0.5359199047088623, 0.527543306350708,
  0.5196405649185181, 0.521331250667572, 0.5108875632286072, 0.5028483271598816,
  0.4976050853729248, 0.5013387799263, 0.49923545122146606, 0.4964837431907654,
  0.4991064965724945, 0.4959586262702942, 0.4962252378463745,
  0.4989767074584961, 0.49263647198677063
 ],
 "emotion_output_accuracy": [
  0.34392523765563965, 0.5142523646354675, 0.5619158744812012,
  0.589018702507019, 0.6149532794952393, 0.6352803707122803, 0.6530373692512512,
  0.6705607771873474, 0.6857476830482483, 0.6913551688194275,
  0.7369158864021301, 0.7474299073219299, 0.7488317489624023, 0.754205584526062,
  0.7605140209197998, 0.7591121792793274, 0.7658878564834595,
  0.7691588997840881, 0.7757009267807007, 0.7710280418395996,
  0.7815420627593994, 0.78387850522995, 0.7869158983230591, 0.7820093631744385,
  0.7803738117218018, 0.7869158983230591, 0.7862149477005005,
  0.7827102541923523, 0.7850467562675476, 0.7813084125518799
 ],
 "emotion_output_precision": [
  0.6399999856948853, 0.6309999823570251, 0.6781721115112305,
  0.7121891379356384, 0.7175099849700928, 0.7379540205001831,
  0.7737306952476501, 0.7750889658927917, 0.7945597767829895, 0.808808445930481,
  0.8416552543640137, 0.851307213306427, 0.8553191423416138, 0.8601532578468323,
  0.8656240105628967, 0.8671351075172424, 0.8751206994056702,
  0.8790712952613831, 0.8750786781311035, 0.8809073567390442,
  0.8868578672409058, 0.8877711296081543, 0.8908172845840454,
  0.8939728736877441, 0.8929356336593628, 0.8961161971092224,
  0.8923654556274414, 0.8922548294067383, 0.8913449645042419, 0.893750011920929
 ],
 "emotion_output_recall": [
  0.003738317871466279, 0.1474299132823944, 0.32593458890914917,
  0.40817758440971375, 0.46051400899887085, 0.4651869237422943,
  0.49135515093803406, 0.5088785290718079, 0.5186915993690491,
  0.5535046458244324, 0.574999988079071, 0.6086448431015015, 0.6105140447616577,
  0.6294392347335815, 0.6336448788642883, 0.6343457698822021,
  0.6352803707122803, 0.6369158625602722, 0.6497663259506226,
  0.6532710194587708, 0.6574766635894775, 0.6598131060600281,
  0.6595794558525085, 0.6619158983230591, 0.6644859910011292, 0.663084089756012,
  0.6663551330566406, 0.6675233840942383, 0.6689252257347107, 0.6682242751121521
 ],
 "emotion_output_em_auc": [
  0.5852225422859192, 0.7210438251495361, 0.7520118355751038,
  0.7906758189201355, 0.8134693503379822, 0.8289351463317871,
  0.8501884341239929, 0.8646745085716248, 0.8725660443305969,
  0.8824483752250671, 0.901390790939331, 0.9104361534118652, 0.9167131781578064,
  0.9158785939216614, 0.9256269335746765, 0.9266497492790222, 0.931473433971405,
  0.9358336925506592, 0.9374604821205139, 0.9378073215484619,
  0.9446780681610107, 0.9449028372764587, 0.9458343386650085,
  0.9457530975341797, 0.9452955722808838, 0.9456832408905029,
  0.9459412097930908, 0.9458534717559814, 0.9448105692863464, 0.9470973610877991
 ],
 "toxicity_output_accuracy": [
  0.44158878922462463, 0.5551401972770691, 0.6079439520835876,
  0.6546729207038879, 0.6950934529304504, 0.7271028161048889,
  0.7485981583595276, 0.7670560479164124, 0.7976635694503784, 0.806308388710022,
  0.8399532437324524, 0.8537383079528809, 0.8621495366096497,
  0.8626168370246887, 0.8705607652664185, 0.8747663497924805,
  0.8735981583595276, 0.8803738355636597, 0.8817756772041321,
  0.8803738355636597, 0.8855140209197998, 0.8908878564834595,
  0.8885514140129089, 0.8869158625602722, 0.8873831629753113,
  0.8894859552383423, 0.8915888071060181, 0.8894859552383423,
  0.8876168131828308, 0.8894859552383423
 ],
 "toxicity_output_precision": [
  0.5731707215309143, 0.6684179902076721, 0.7077625393867493,
  0.7387357950210571, 0.7765853404998779, 0.7973381876945496,
  0.8143837451934814, 0.8384869694709778, 0.8571428656578064,
  0.8681570887565613, 0.8857616186141968, 0.896439254283905, 0.9012345671653748,
  0.904698371887207, 0.9099652767181396, 0.9114973545074463, 0.9129970669746399,
  0.9156945943832397, 0.9157782793045044, 0.9228098392486572,
  0.9260237812995911, 0.926013708114624, 0.9278731942176819, 0.9249802827835083,
  0.9262599349021912, 0.9273209571838379, 0.9303746819496155,
  0.9292876124382019, 0.9243186116218567, 0.9302510023117065
 ],
 "toxicity_output_recall": [
  0.021962616592645645, 0.2675233781337738, 0.43457943201065063,
  0.5324766635894775, 0.5579439401626587, 0.6158878207206726,
  0.6376168131828308, 0.6525700688362122, 0.6785046458244324,
  0.7077102661132812, 0.75, 0.7705607414245605, 0.7845794558525085,
  0.7918224334716797, 0.7957943677902222, 0.7964953184127808,
  0.7992990612983704, 0.8070093393325806, 0.8028037548065186,
  0.8072429895401001, 0.8189252614974976, 0.8217289447784424,
  0.8205607533454895, 0.8210280537605286, 0.8158878684043884,
  0.8168224096298218, 0.8179906606674194, 0.82289719581604, 0.816121518611908,
  0.8226635456085205
 ],
 "toxicity_output_to_auc": [
  0.635772168636322, 0.7821860909461975, 0.8436517119407654, 0.879764974117279,
  0.9021804928779602, 0.9223785996437073, 0.9332066178321838,
  0.9431461691856384, 0.9540691375732422, 0.9574897885322571,
  0.9693542122840881, 0.9730125069618225, 0.9759057760238647, 0.977627158164978,
  0.9777937531471252, 0.9793484807014465, 0.9805670976638794,
  0.9807408452033997, 0.9814028143882751, 0.9833590388298035,
  0.9835734963417053, 0.9844304919242859, 0.9843476414680481,
  0.9842634201049805, 0.9849199652671814, 0.9839869141578674,
  0.9851344227790833, 0.9847336411476135, 0.9846277236938477, 0.9852889776229858
 ],
 "val_loss": [
  54.508949279785156, 44.345298767089844, 36.48591613769531, 30.101818084716797,
  25.10920524597168, 21.190256118774414, 18.109193801879883, 15.782515525817871,
  13.860220909118652, 12.35960578918457, 12.183201789855957, 12.069839477539062,
  11.922481536865234, 11.80060863494873, 11.678086280822754, 11.546567916870117,
  11.446533203125, 11.31955337524414, 11.185256958007812, 11.07754135131836,
  11.063011169433594, 11.053438186645508, 11.043173789978027,
  11.030390739440918, 11.019936561584473, 11.006561279296875,
  10.997810363769531, 10.986950874328613, 10.980273246765137, 10.962307929992676
 ],