{
 "loss": [
  63.49782943725586, 52.4045295715332, 43.4725227355957, 36.25629425048828,
  30.432641983032227, 25.676145553588867, 21.838716506958008,
  18.733400344848633, 16.235240936279297, 14.218236923217773, 13.176633834838867
 ],
 "emotion_output_loss": [
  1.7039084434509277, 1.4349019527435303, 1.270159125328064, 1.1416575908660889,
  1.0500901937484741, 0.9531363248825073, 0.9053015112876892,
  0.8650128841400146, 0.837557315826416, 0.8147355914115906, 0.759095311164856
 ],
 "toxicity_output_loss": [
  1.7443839311599731, 1.3739268779754639, 1.1232608556747437, 0.97679603099823,
  0.8944685459136963, 0.8244004249572754, 0.7581273913383484, 0.710851788520813,
  0.6835657358169556, 0.6634522080421448, 0.625487744808197
 ],
 "emotion_output_accuracy": [
  0.2668061852455139, 0.43918389081954956, 0.5445984601974487,
  0.6207166910171509, 0.6541982889175415, 0.6923881769180298,
  0.7130525708198547, 0.7248234152793884, 0.745226263999939, 0.7481035590171814,
  0.7758305072784424
 ],
 "emotion_output_precision": [
  0.7307692170143127, 0.7989417910575867, 0.7675737142562866,
  0.7947295308113098, 0.8075658082962036, 0.820593535900116, 0.8295688033103943,
  0.8466088175773621, 0.847842276096344, 0.8542048931121826, 0.874474048614502
 ],
 "emotion_output_recall": [
  0.004969919100403786, 0.07899555563926697, 0.17708605527877808,
  0.29976457357406616, 0.3852995038032532, 0.47737377882003784,
  0.5283808708190918, 0.5616008639335632, 0.5961287021636963,
  0.6084226965904236, 0.6523672342300415
 ],
 "emotion_output_em_auc": [
  0.628666341304779, 0.7930164337158203, 0.8512371182441711, 0.884498119354248,
  0.9019954204559326, 0.9220461249351501, 0.9288384914398193,
  0.9343648552894592, 0.9386517405509949, 0.9426290988922119, 0.9534793496131897
 ],
 "toxicity_output_accuracy": [
  0.31232017278671265, 0.521579921245575, 0.6395500898361206, 0.693434476852417,
  0.7300549149513245, 0.758305013179779, 0.7862935066223145, 0.7904787063598633,
  0.8085273504257202, 0.8142820000648499, 0.8354695439338684
 ],
 "toxicity_output_precision": [
  0.699999988079071, 0.8363171219825745, 0.8812692165374756, 0.8757061958312988,
  0.878904402256012, 0.8718905448913574, 0.883756160736084, 0.8934101462364197,
  0.9021623730659485, 0.9017980694770813, 0.9192333817481995
 ],
 "toxicity_output_recall": [
  0.00915511418133974, 0.08553492277860641, 0.22521579265594482,
  0.364896684885025, 0.47842007875442505, 0.550091564655304, 0.610515296459198,
  0.6489667892456055, 0.6657075881958008, 0.6821867823600769, 0.7025895714759827
 ],
 "toxicity_output_to_auc": [
  0.6806685328483582, 0.8576229810714722, 0.914611279964447, 0.9361882209777832,
  0.940891444683075, 0.9519256949424744, 0.9604687094688416, 0.964936375617981,
  0.9700497984886169, 0.9695839881896973, 0.9754356741905212
 ],
 "val_loss": [
  57.336029052734375, 47.502342224121094, 39.57868576049805, 33.17144012451172,
  28.101022720336914, 23.82630729675293, 20.454551696777344, 17.81100845336914,
  15.569906234741211, 13.776345252990723, 13.59271240234375
 ],
 "val_emotion_output_loss": [
  1.5041552782058716, 1.3223577737808228, 1.1984968185424805, 1.138099193572998,
  1.1290600299835205, 1.0421401262283325, 1.0436662435531616,
  1.0515727996826172, 1.0217264890670776, 1.0056425333023071, 0.9829777479171753
 ],
 "val_toxicity_output_loss": [
  1.4744534492492676, 1.221638798713684, 1.0807404518127441, 0.9741197824478149,
  0.9856939315795898, 0.916049599647522, 0.881793737411499, 0.9354443550109863,
  0.9125247001647949, 0.9015912413597107, 0.897955060005188
 ],
 "val_emotion_output_accuracy": [
  0.3764705955982208, 0.4682352840900421, 0.5764706134796143,
  0.5694117546081543, 0.5952941179275513, 0.6117647290229797,
  0.6211764812469482, 0.6164705753326416, 0.6470588445663452,
  0.6564705967903137, 0.658823549747467
 ],
 "val_emotion_output_precision": [
  0.7631579041481018, 0.7916666865348816, 0.7517730593681335,
  0.7487684488296509, 0.725806474685669, 0.7604562640190125, 0.761904776096344,
  0.7423728704452515, 0.7382550239562988, 0.7735191583633423, 0.7762237787246704
 ],
 "val_emotion_output_recall": [
  0.06823529303073883, 0.1788235306739807, 0.24941176176071167,
  0.3576470613479614, 0.42352941632270813, 0.47058823704719543,
  0.48941177129745483, 0.5152941346168518, 0.5176470875740051,
  0.522352933883667, 0.522352933883667
 ],
 "val_emotion_output_em_auc": [
  0.7861246466636658, 0.8310420513153076, 0.8600127696990967,
  0.8720466494560242, 0.8680745959281921, 0.8832288384437561,
  0.8881847858428955, 0.8781595230102539, 0.8872070908546448,
  0.8850293755531311, 0.8903734683990479
 ],
 "val_toxicity_output_accuracy": [
  0.44470587372779846, 0.5764706134796143, 0.6188235282897949,
  0.6658823490142822, 0.658823549747467, 0.7082353234291077, 0.7105882167816162,
  0.6988235116004944, 0.6964705586433411, 0.7058823704719543, 0.7082353234291077
 ],
 "val_toxicity_output_precision": [
  0.7666666507720947, 0.8148148059844971, 0.8352272510528564,
  0.8114035129547119, 0.7915058135986328, 0.7657992839813232,
  0.7859424948692322, 0.7739726305007935, 0.7766323089599609,
  0.7866241931915283, 0.800000011920929
 ],
 "val_toxicity_output_recall": [
  0.05411764606833458, 0.20705881714820862, 0.3458823561668396,
  0.43529412150382996, 0.48235294222831726, 0.4847058951854706,
  0.5788235068321228, 0.5317646861076355, 0.5317646861076355,
  0.5811764597892761, 0.5741176605224609
 ],
 "val_toxicity_output_to_auc": [
  0.8120099902153015, 0.8897495865821838, 0.9090971350669861, 0.921570360660553,
  0.9167509078979492, 0.9252191781997681, 0.9257243871688843,
  0.9168276786804199, 0.9220696687698364, 0.9195553660392761, 0.9181069135665894
 ],
 "lr": [1e-4, 1e-4, 1e-4, 1e-4, 1e-4, 1e-4, 1e-4, 1e-4, 1e-4, 1e-4, 1e-5]
}
