{
 "loss": [
  59.08662033081055, 48.22929382324219, 39.40215301513672, 32.2884407043457,
  28.7960205078125, 28.16359519958496, 27.569570541381836, 26.974782943725586,
  26.638107299804688, 26.576236724853516
 ],
 "emotion_output_loss": [
  1.7633774280548096, 1.5362662076950073, 1.3523313999176025,
  1.2117165327072144, 1.0989880561828613, 1.0509445667266846,
  1.0278266668319702, 1.0037968158721924, 0.9845104217529297, 0.9847422242164612
 ],
 "toxicity_output_loss": [
  1.8269555568695068, 1.470168948173523, 1.1796857118606567, 0.993227481842041,
  0.8816513419151306, 0.8430333137512207, 0.8209585547447205,
  0.7981109023094177, 0.786116361618042, 0.7791624069213867
 ],
 "emotion_output_accuracy": [
  0.22966256737709045, 0.37902170419692993, 0.5001307725906372,
  0.5799110531806946, 0.6487051844596863, 0.6630918383598328,
  0.6777399778366089, 0.6848025321960449, 0.6978812217712402, 0.6999738216400146
 ],
 "emotion_output_precision": [
  0.0, 0.7450980544090271, 0.7678571343421936, 0.7724388241767883,
  0.8190599083900452, 0.8196185231208801, 0.8323993682861328,
  0.8333333134651184, 0.8473210334777832, 0.8375537395477295
 ],
 "emotion_output_recall": [
  0.0, 0.009939838200807571, 0.08998169004917145, 0.2228616327047348,
  0.3327229917049408, 0.39340832829475403, 0.4274130165576935,
  0.45383206009864807, 0.46743395924568176, 0.4585404098033905
 ],
 "emotion_output_em_auc": [
  0.5745401978492737, 0.7467268109321594, 0.821729838848114, 0.8636723160743713,
  0.8952266573905945, 0.9061241149902344, 0.9102851748466492,
  0.9168890118598938, 0.9212953448295593, 0.9210972189903259
 ],
 "toxicity_output_accuracy": [
  0.2675909101963043, 0.4292440414428711, 0.5731101036071777,
  0.6625686883926392, 0.7235155701637268, 0.7397332191467285,
  0.7522887587547302, 0.7671985626220703, 0.7703374028205872, 0.7708605527877808
 ],
 "toxicity_output_precision": [
  0.0, 0.8518518805503845, 0.8365758657455444, 0.8310126662254333,
  0.8710182905197144, 0.8767840266227722, 0.8761819005012512,
  0.8735681176185608, 0.8802395462989807, 0.8856530785560608
 ],
 "toxicity_output_recall": [
  0.0, 0.01804865337908268, 0.1687156707048416, 0.34344756603240967,
  0.43630656599998474, 0.4820821285247803, 0.5090243220329285,
  0.5385822653770447, 0.5383207201957703, 0.5409364104270935
 ],
 "toxicity_output_to_auc": [
  0.6109181642532349, 0.8140740990638733, 0.8927507996559143,
  0.9265815019607544, 0.9464868903160095, 0.9523693919181824,
  0.9558302760124207, 0.9593033194541931, 0.9604090452194214, 0.962401807308197
 ],
 "val_loss": [
  53.203121185302734, 43.336212158203125, 35.57181167602539, 29.26884651184082,
  28.683103561401367, 28.113473892211914, 27.54057502746582, 26.981868743896484,
  26.919055938720703, 26.859760284423828
 ],
 "val_emotion_output_loss": [
  1.6873714923858643, 1.4223328828811646, 1.2948817014694214,
  1.2096270322799683, 1.1697248220443726, 1.1525391340255737,
  1.1419404745101929, 1.1321079730987549, 1.1314128637313843, 1.1295499801635742
 ],
 "val_toxicity_output_loss": [
  1.6155517101287842, 1.242068886756897, 1.1061841249465942, 0.9779193997383118,
  0.9757718443870544, 0.9713689684867859, 0.9580116271972656,
  0.9555354714393616, 0.9481952786445618, 0.9462918639183044
 ],
 "val_emotion_output_accuracy": [
  0.3152941167354584, 0.4305882453918457, 0.5199999809265137,
  0.5835294127464294, 0.5741176605224609, 0.5764706134796143, 0.592941164970398,
  0.6047058701515198, 0.6047058701515198, 0.5952941179275513
 ],
 "val_emotion_output_precision": [
  0.5, 0.7560975551605225, 0.6689189076423645, 0.7055837512016296,
  0.6987447738647461, 0.7165354490280151, 0.713178277015686, 0.7089552283287048,
  0.7063196897506714, 0.7039711475372314
 ],
 "val_emotion_output_recall": [
  0.0070588234812021255, 0.07294117659330368, 0.2329411804676056,
  0.3270588219165802, 0.3929411768913269, 0.4282352924346924,
  0.43294116854667664, 0.4470588266849518, 0.4470588266849518,
  0.4588235318660736
 ],
 "val_emotion_output_em_auc": [
  0.6443690657615662, 0.7859687805175781, 0.8272458910942078,
  0.8516406416893005, 0.8590044379234314, 0.8605601191520691,
  0.8637604117393494, 0.8660582900047302, 0.865603506565094, 0.8658864498138428
 ],
 "val_toxicity_output_accuracy": [
  0.3835294246673584, 0.529411792755127, 0.6047058701515198, 0.6541176438331604,
  0.6470588445663452, 0.6305882334709167, 0.6564705967903137,
  0.6376470327377319, 0.6399999856948853, 0.6494117379188538
 ],
 "val_toxicity_output_precision": [
  0.0, 0.8360655903816223, 0.8115941882133484, 0.7834101319313049,
  0.7549406886100769, 0.7628458738327026, 0.7560137510299683,
  0.7444444298744202, 0.7473683953285217, 0.7401315569877625
 ],
 "val_toxicity_output_recall": [
  0.0, 0.11999999731779099, 0.2635294198989868, 0.4000000059604645,
  0.4494117498397827, 0.45411765575408936, 0.5176470875740051,
  0.47294119000434875, 0.5011764764785767, 0.529411792755127
 ],
 "val_toxicity_output_to_auc": [
  0.7537860870361328, 0.8804975748062134, 0.8919097781181335,
  0.9173076748847961, 0.9128718376159668, 0.9148731231689453,
  0.9153147339820862, 0.9141239523887634, 0.9154546856880188, 0.9165343046188354
 ],
 "lr": [1e-4, 1e-4, 1e-4, 1e-4, 1e-5, 1e-5, 1e-5, 1e-5, 1e-6, 1e-6]
}
