{
 "loss": [
  64.1518783569336, 52.205562591552734, 42.81850051879883, 35.32848358154297,
  29.401655197143555, 24.68581771850586, 20.978055953979492, 18.020709991455078,
  15.679104804992676, 13.852997779846191
 ],
 "emotion_output_loss": [
  1.6039379835128784, 1.3853585720062256, 1.2918686866760254, 1.208735466003418,
  1.165911078453064, 1.1146249771118164, 1.078606367111206, 1.04298996925354,
  0.9950428009033203, 0.9656949043273926
 ],
 "toxicity_output_loss": [
  1.6605571508407593, 1.410014033317566, 1.256378173828125, 1.1244235038757324,
  1.0189319849014282, 0.9336370825767517, 0.882236659526825, 0.8160293102264404,
  0.7729412317276001, 0.7526830434799194
 ],
 "emotion_output_accuracy": [
  0.33271026611328125, 0.48855140805244446, 0.5450934767723083,
  0.5834112167358398, 0.604672908782959, 0.6252336502075195, 0.6327102780342102,
  0.6499999761581421, 0.6757009625434875, 0.6848130822181702
 ],
 "emotion_output_precision": [
  0.6074073910713196, 0.6227450966835022, 0.6343424916267395, 0.685214638710022,
  0.7011141180992126, 0.7234281301498413, 0.7455843687057495,
  0.7685919404029846, 0.7888563275337219, 0.7972779273986816
 ],
 "emotion_output_recall": [
  0.019158879294991493, 0.18551401793956757, 0.31331774592399597,
  0.4028037488460541, 0.42640188336372375, 0.4516355097293854, 0.46355140209198,
  0.4757009446620941, 0.5028037428855896, 0.5200934410095215
 ],
 "emotion_output_em_auc": [
  0.5898087620735168, 0.7070806622505188, 0.7464823126792908,
  0.7889299392700195, 0.8072898983955383, 0.8257207870483398,
  0.8391568064689636, 0.8489735126495361, 0.8701352477073669, 0.8812484741210938
 ],
 "toxicity_output_accuracy": [
  0.4049065411090851, 0.5539719462394714, 0.5990654230117798,
  0.6495327353477478, 0.6829439401626587, 0.7130841016769409,
  0.7392523288726807, 0.7689252495765686, 0.7789719700813293, 0.7869158983230591
 ],
 "toxicity_output_precision": [
  0.523809552192688, 0.6264891624450684, 0.680232584476471, 0.7367123961448669,
  0.7754029631614685, 0.7849732637405396, 0.8084184527397156,
  0.8228334784507751, 0.8387004137039185, 0.8522067070007324
 ],
 "toxicity_output_recall": [
  0.0025700933765619993, 0.2088785022497177, 0.4100467264652252,
  0.48901867866516113, 0.5170560479164124, 0.5834112167358398,
  0.6102803945541382, 0.6499999761581421, 0.6815420389175415, 0.6857476830482483
 ],
 "toxicity_output_to_auc": [
  0.5728896856307983, 0.7218202948570251, 0.7893476486206055,
  0.8414233326911926, 0.8747214078903198, 0.8934113383293152, 0.909248411655426,
  0.9207162857055664, 0.9316149950027466, 0.936865508556366
 ],
 "val_loss": [
  57.747528076171875, 47.1234245300293, 38.82572937011719, 32.340614318847656,
  27.19133949279785, 23.008434295654297, 19.779958724975586, 17.278013229370117,
  15.340788841247559, 13.755906105041504
 ],
 "val_emotion_output_loss": [
  1.5537357330322266, 1.348127841949463, 1.292868733406067, 1.3038361072540283,
  1.3146567344665527, 1.262001633644104, 1.2539396286010742, 1.2727078199386597,
  1.2831299304962158, 1.2949589490890503
 ],
 "val_toxicity_output_loss": [
  1.5732438564300537, 1.3573963642120361, 1.238006830215454, 1.2014466524124146,
  1.1661123037338257, 1.0915708541870117, 1.073910117149353, 1.077488660812378,
  1.1195547580718994, 1.0966156721115112
 ],
 "val_emotion_output_accuracy": [
  0.4096638560295105, 0.5105041861534119, 0.5336134433746338,
  0.5210084319114685, 0.5147058963775635, 0.5441176295280457,
  0.5525209903717041, 0.529411792755127, 0.5504201650619507, 0.5483193397521973
 ],
 "val_emotion_output_precision": [
  0.4190140962600708, 0.5896551609039307, 0.5808383226394653,
  0.5800604224205017, 0.6031249761581421, 0.6483516693115234,
  0.6644737124443054, 0.6340693831443787, 0.6299999952316284, 0.6143791079521179
 ],
 "val_emotion_output_recall": [
  0.25, 0.3592436909675598, 0.4075630307197571, 0.40336135029792786,
  0.4054621756076813, 0.3718487322330475, 0.424369752407074,
  0.42226889729499817, 0.3970588147640228, 0.3949579894542694
 ],
 "val_emotion_output_em_auc": [
  0.6526421904563904, 0.7244343757629395, 0.7570174336433411,
  0.7619643211364746, 0.7676405310630798, 0.7781670093536377,
  0.7832314372062683, 0.7826444506645203, 0.7701262831687927, 0.7689325213432312
 ],
 "val_toxicity_output_accuracy": [
  0.4642857015132904, 0.5399159789085388, 0.5651260614395142,
  0.5924369692802429, 0.6008403301239014, 0.6260504126548767,
  0.6365545988082886, 0.6218487620353699, 0.6386554837226868, 0.6302521228790283
 ],
 "val_toxicity_output_precision": [
  0.738095223903656, 0.6011730432510376, 0.6599423885345459, 0.6686046719551086,
  0.6807909607887268, 0.718100905418396, 0.7113702893257141, 0.698369562625885,
  0.6717948913574219, 0.6641221642494202
 ],
 "val_toxicity_output_recall": [
  0.06512605398893356, 0.4306722581386566, 0.4810924232006073,
  0.4831932783126831, 0.506302535533905, 0.5084033608436584, 0.5126050710678101,
  0.5399159789085388, 0.5504201650619507, 0.5483193397521973
 ],
 "val_toxicity_output_to_auc": [
  0.7121734619140625, 0.7696552872657776, 0.847321093082428, 0.8373163938522339,
  0.8499718308448792, 0.8629040122032166, 0.8718811869621277,
  0.8766642808914185, 0.8346375823020935, 0.8477700352668762
 ],
 "lr": [1e-4, 1e-4, 1e-4, 1e-4, 1e-4, 1e-4, 1e-4, 1e-4, 1e-4, 1e-4]
}
