{
 "loss": [
  37.37703323364258, 31.760814666748047, 27.256311416625977, 23.51267433166504,
  20.46358299255371, 17.95792579650879, 15.865610122680664, 14.151418685913086,
  12.733393669128418, 11.587512969970703, 10.621023178100586, 9.84224796295166,
  9.183870315551758, 8.644522666931152, 8.167570114135742, 7.766860008239746,
  7.4368720054626465, 7.146254062652588, 6.907347202301025, 6.6658830642700195,
  6.505998611450195, 6.293355941772461, 6.139686584472656, 5.99760627746582,
  5.86359167098999, 5.7086968421936035, 5.561286926269531, 5.415737628936768,
  5.306027889251709, 5.183065414428711
 ],
 "emotion_output_loss": [
  1.642542839050293, 1.462978482246399, 1.361253261566162, 1.288832187652588,
  1.2521400451660156, 1.2254098653793335, 1.1862506866455078,
  1.1554902791976929, 1.1295925378799438, 1.122897744178772, 1.0884170532226562,
  1.0726815462112427, 1.0594263076782227, 1.034116506576538, 1.0206621885299683,
  0.9968163967132568, 0.9822359085083008, 0.9761431217193604,
  0.9634995460510254, 0.9574366807937622, 0.9613965749740601,
  0.9456874132156372, 0.95154869556427, 0.9500146508216858, 0.95371013879776,
  0.9533019065856934, 0.9489530324935913, 0.9419243931770325, 0.954787015914917,
  0.9581255316734314
 ],
 "toxicity_output_loss": [
  1.676208734512329, 1.444819688796997, 1.3366177082061768, 1.215075969696045,
  1.133179783821106, 1.071516752243042, 1.0091443061828613, 0.9612661004066467,
  0.9124259948730469, 0.8763801455497742, 0.8511641621589661,
  0.8338489532470703, 0.8052494525909424, 0.8054741621017456,
  0.7728748321533203, 0.7628673911094666, 0.7607533931732178, 0.747132420539856,
  0.7607921361923218, 0.7400623559951782, 0.7716841697692871,
  0.7560686469078064, 0.7661365866661072, 0.783750593662262, 0.7964144945144653,
  0.7851533889770508, 0.7793768644332886, 0.771848738193512, 0.7768641710281372,
  0.7736445069313049
 ],
 "emotion_output_accuracy": [
  0.30494216084480286, 0.4721345901489258, 0.5349631905555725,
  0.5762355327606201, 0.586487889289856, 0.6048895716667175, 0.6193480491638184,
  0.6348580718040466, 0.6414300799369812, 0.644058883190155, 0.6579915881156921,
  0.6719242930412292, 0.6706098914146423, 0.687697172164917, 0.7042586803436279,
  0.710567831993103, 0.7242376208305359, 0.7223974466323853, 0.7337013483047485,
  0.7373816967010498, 0.7310725450515747, 0.7431650757789612, 0.737644612789154,
  0.7447423934936523, 0.7442166209220886, 0.75, 0.754206120967865,
  0.7620925307273865, 0.757623553276062, 0.7594637274742126
 ],
 "emotion_output_precision": [
  0.0, 0.6758620738983154, 0.6402438879013062, 0.6616654396057129,
  0.6928746700286865, 0.6966419816017151, 0.7545164823532104,
  0.7630143761634827, 0.7671627402305603, 0.7721461057662964,
  0.7913315296173096, 0.7922364473342896, 0.8034952878952026,
  0.8235540390014648, 0.8171334266662598, 0.827091634273529, 0.8403258919715881,
  0.8363710045814514, 0.8522818088531494, 0.8375933766365051,
  0.8433346748352051, 0.8457211852073669, 0.8511856198310852,
  0.8599137663841248, 0.8393009305000305, 0.8615884780883789, 0.852769672870636,
  0.8666340708732605, 0.8658658862113953, 0.8650000095367432
 ],
 "emotion_output_recall": [
  0.0, 0.05152470991015434, 0.1380126178264618, 0.2318612039089203,
  0.29652997851371765, 0.32176655530929565, 0.3732912838459015,
  0.40457412600517273, 0.4200841188430786, 0.4445320665836334,
  0.4655625522136688, 0.4721345901489258, 0.49553102254867554,
  0.5165615081787109, 0.5215562582015991, 0.5457413196563721, 0.542323887348175,
  0.5428496599197388, 0.5596740245819092, 0.5599368810653687,
  0.5504732131958008, 0.5533648729324341, 0.5473186373710632,
  0.5244479775428772, 0.5176130533218384, 0.48764458298683167,
  0.4613564610481262, 0.4663512110710144, 0.45478442311286926,
  0.45478442311286926
 ],
 "emotion_output_em_auc": [
  0.5713778138160706, 0.6742408275604248, 0.728380024433136, 0.756324827671051,
  0.7764208912849426, 0.7853261828422546, 0.798168957233429, 0.8193263411521912,
  0.8291284441947937, 0.8346953392028809, 0.8509881496429443,
  0.8561177849769592, 0.8623557090759277, 0.8713639378547668, 0.876561164855957,
  0.8816836476325989, 0.8866237998008728, 0.889851987361908, 0.8994255065917969,
  0.89356929063797, 0.897720992565155, 0.9056426882743835, 0.9049293398857117,
  0.9017813205718994, 0.9022229313850403, 0.902624785900116, 0.9089624285697937,
  0.9134671688079834, 0.9059903025627136, 0.9092144966125488
 ],
 "toxicity_output_accuracy": [
  0.3948475420475006, 0.5260252356529236, 0.5641430020332336, 0.613564670085907,
  0.64826500415802, 0.6750788688659668, 0.7079390287399292, 0.7284437417984009,
  0.7560462951660156, 0.7689274549484253, 0.7836487889289856,
  0.7899579405784607, 0.8086224794387817, 0.8080967664718628,
  0.8291272521018982, 0.8356992602348328, 0.8346477150917053,
  0.8509463667869568, 0.8430599570274353, 0.8562039732933044,
  0.8372765779495239, 0.8554153442382812, 0.8530493974685669, 0.840694010257721,
  0.8435856699943542, 0.852523684501648, 0.858832836151123, 0.8680336475372314,
  0.8661934733390808, 0.8748685717582703
 ],
 "toxicity_output_precision": [
  0.625, 0.7194719314575195, 0.7214285731315613, 0.75114506483078,
  0.7620177865028381, 0.7717181444168091, 0.7949914932250977, 0.815852701663971,
  0.8279033899307251, 0.8455314636230469, 0.8521303534507751,
  0.8520605564117432, 0.8716521859169006, 0.8679631352424622,
  0.8863406181335449, 0.8884033560752869, 0.8942866921424866,
  0.8914572596549988, 0.8894610404968262, 0.905525267124176, 0.8884668350219727,
  0.9026334285736084, 0.8955866694450378, 0.9006456136703491, 0.894241213798523,
  0.9074074029922485, 0.9059514999389648, 0.9180639982223511,
  0.9130942821502686, 0.923655092716217
 ],
 "toxicity_output_recall": [
  0.0013144059339538217, 0.11461619287729263, 0.18585699796676636,
  0.25867506861686707, 0.3375394344329834, 0.4203470051288605,
  0.492376446723938, 0.5357518196105957, 0.5678233504295349, 0.6043637990951538,
  0.6256572008132935, 0.6359095573425293, 0.6587802171707153,
  0.6687697172164917, 0.6908517479896545, 0.6947949528694153,
  0.6871713995933533, 0.6995267868041992, 0.6811251044273376,
  0.6979495286941528, 0.6763932704925537, 0.6848054528236389,
  0.6561514139175415, 0.6600946187973022, 0.6490536332130432, 0.644058883190155,
  0.64826500415802, 0.6332807540893555, 0.6159306168556213, 0.6138275265693665
 ],
 "toxicity_output_to_auc": [
  0.6250767111778259, 0.7516980767250061, 0.7967982292175293,
  0.8356942534446716, 0.8552411198616028, 0.8743096590042114,
  0.8900652527809143, 0.9046846628189087, 0.9164624214172363,
  0.9248173832893372, 0.9294610023498535, 0.9332360029220581,
  0.9392367601394653, 0.9423069357872009, 0.9493871927261353,
  0.9516019821166992, 0.9537428617477417, 0.9547090530395508,
  0.9536197781562805, 0.9576972126960754, 0.9540910720825195,
  0.9574429392814636, 0.955705463886261, 0.9559756517410278, 0.9505966305732727,
  0.955720841884613, 0.9593942761421204, 0.9644017815589905, 0.9676304459571838,
  0.965685248374939
 ],
 "val_loss": [
  34.27790069580078, 29.288681030273438, 25.279953002929688, 21.958444595336914,
  19.270689010620117, 17.08012580871582, 15.193140029907227, 13.7184419631958,
  12.534590721130371, 11.533353805541992, 10.703377723693848,
  10.039194107055664, 9.488985061645508, 9.066932678222656, 8.611783981323242,
  8.29024887084961, 8.028772354125977, 7.795898914337158, 7.608190536499023,
  7.408612251281738, 7.210824012756348, 7.031630039215088, 6.8443403244018555,
  6.729470252990723, 6.663804054260254, 6.4532575607299805, 6.294405937194824,
  6.141993045806885, 6.085813999176025, 5.9238810539245605
 ],