{
 "loss": [
  55.98094177246094, 46.72500228881836, 39.16005325317383, 33.01479721069336,
  27.98301887512207, 23.89933967590332, 20.580636978149414, 17.878475189208984,
  15.723892211914062, 13.906899452209473, 12.44179916381836, 11.26753044128418,
  10.277973175048828, 9.476653099060059, 8.839592933654785, 8.31627368927002,
  7.818464756011963, 7.407158851623535, 7.0488972663879395, 6.745870590209961,
  6.522158145904541, 6.255479335784912, 6.01600456237793, 5.787018775939941,
  5.591494560241699, 5.411677360534668, 5.249415397644043, 5.084466457366943,
  4.930662631988525, 4.7795023918151855
 ],
 "emotion_output_loss": [
  1.666627287864685, 1.5060012340545654, 1.3840882778167725, 1.2945671081542969,
  1.239804744720459, 1.1996303796768188, 1.1734111309051514, 1.1322203874588013,
  1.1150041818618774, 1.0649253129959106, 1.022776484489441, 1.0026878118515015,
  0.9705712199211121, 0.9569942355155945, 0.9457647800445557,
  0.9428532123565674, 0.9048869013786316, 0.8876718878746033,
  0.8765337467193604, 0.8701159954071045, 0.8848452568054199,
  0.8757954835891724, 0.8686472177505493, 0.8539417386054993,
  0.8529399037361145, 0.860283374786377, 0.8751323819160461, 0.8601877093315125,
  0.8652938008308411, 0.8577557802200317
 ],
 "toxicity_output_loss": [
  1.6784321069717407, 1.5178178548812866, 1.3847490549087524,
  1.2948600053787231, 1.1781021356582642, 1.0885438919067383,
  1.0090657472610474, 0.9530377984046936, 0.9247438311576843,
  0.8647825717926025, 0.8232089877128601, 0.7937872409820557,
  0.7525765895843506, 0.7143539786338806, 0.7085805535316467, 0.710308849811554,
  0.6908010840415955, 0.6759616136550903, 0.6603443026542664,
  0.6574029922485352, 0.6844270825386047, 0.6732142567634583,
  0.6698364615440369, 0.6698269248008728, 0.6772587895393372,
  0.6821458339691162, 0.6866264343261719, 0.7103421688079834,
  0.7139692902565002, 0.7243189215660095
 ],
 "emotion_output_accuracy": [
  0.2862775921821594, 0.4256046414375305, 0.504206120967865, 0.5396950840950012,
  0.5764984488487244, 0.5888538360595703, 0.6077812910079956,
  0.6225026249885559, 0.6243427991867065, 0.647476315498352, 0.6614090204238892,
  0.6727129220962524, 0.6950578093528748, 0.7024185061454773,
  0.7087276577949524, 0.7158254384994507, 0.7344900369644165,
  0.7450052499771118, 0.7486855983734131, 0.7492113709449768,
  0.7478969693183899, 0.7557833790779114, 0.7578864097595215,
  0.7710304856300354, 0.7710304856300354, 0.7723448872566223,
  0.7689274549484253, 0.7810199856758118, 0.7833859324455261, 0.7836487889289856
 ],
 "emotion_output_precision": [
  0.0, 0.6217948794364929, 0.6574923396110535, 0.6755319237709045,
  0.6844634413719177, 0.704655647277832, 0.7102803587913513, 0.7444794774055481,
  0.7433333396911621, 0.7806902527809143, 0.7939394116401672,
  0.8113529682159424, 0.8146021366119385, 0.8238967657089233,
  0.8278282284736633, 0.8355939388275146, 0.835284948348999, 0.8484965562820435,
  0.8519371151924133, 0.8599071502685547, 0.8565768599510193,
  0.8634730577468872, 0.8690709471702576, 0.8885782957077026,
  0.8813755512237549, 0.8981255292892456, 0.892307698726654, 0.9037216901779175,
  0.9064542651176453, 0.9130613803863525
 ],
 "emotion_output_recall": [
  0.0, 0.02549947425723076, 0.1695583611726761, 0.26708728075027466,
  0.3370136618614197, 0.38196635246276855, 0.4195583462715149,
  0.4342797100543976, 0.46898001432418823, 0.4697686731815338,
  0.48212409019470215, 0.49973711371421814, 0.5220820307731628,
  0.5202418565750122, 0.527076780796051, 0.5344374179840088, 0.5625657439231873,
  0.5786014795303345, 0.5838590860366821, 0.5841220021247864,
  0.5683491230010986, 0.5686119794845581, 0.5828076004981995,
  0.5849106311798096, 0.5996319651603699, 0.5793901085853577,
  0.5793901085853577, 0.5872765779495239, 0.5833333134651184, 0.5825446844100952
 ],
 "emotion_output_em_auc": [
  0.5212771892547607, 0.6520023941993713, 0.704491913318634, 0.7568820118904114,
  0.7701666355133057, 0.793795108795166, 0.8002162575721741, 0.8095278143882751,
  0.8228772282600403, 0.8440263271331787, 0.8520074486732483,
  0.8647212982177734, 0.8738204836845398, 0.8765023350715637,
  0.8795647621154785, 0.8845045566558838, 0.8949474692344666,
  0.8991848826408386, 0.9038987159729004, 0.909325361251831, 0.9026567339897156,
  0.9081733226776123, 0.9103507995605469, 0.9215455055236816,
  0.9171715378761292, 0.9260483384132385, 0.9110293388366699,
  0.9172806739807129, 0.9256088137626648, 0.9296286702156067
 ],
 "toxicity_output_accuracy": [
  0.38065195083618164, 0.511040985584259, 0.5594111680984497,
  0.5901682376861572, 0.6309148073196411, 0.664826512336731, 0.6892744302749634,
  0.7129337787628174, 0.7192429304122925, 0.7405362725257874,
  0.7626183032989502, 0.772870659828186, 0.7917981147766113, 0.8109884262084961,
  0.8149316310882568, 0.812302827835083, 0.8249211311340332, 0.8309674263000488,
  0.8475289344787598, 0.8556782603263855, 0.8425341844558716, 0.86014723777771,
  0.8672450184822083, 0.8619873523712158, 0.8717139959335327,
  0.8722397685050964, 0.8764458298683167, 0.8706624507904053,
  0.8761829733848572, 0.8801261782646179
 ],
 "toxicity_output_precision": [
  1.0, 0.6333333253860474, 0.6469165682792664, 0.6652977466583252,
  0.6993166208267212, 0.7276408076286316, 0.7518771290779114,
  0.7745031118392944, 0.7857142686843872, 0.8134732842445374,
  0.8176202774047852, 0.8403220176696777, 0.8450474143028259,
  0.8590028285980225, 0.869191586971283, 0.8752025961875916, 0.8872917294502258,
  0.8899490833282471, 0.8964654207229614, 0.9008755683898926,
  0.8975095748901367, 0.9070796370506287, 0.9170191884040833,
  0.9116324186325073, 0.9221038818359375, 0.9219643473625183,
  0.9228153824806213, 0.9233784675598145, 0.9209471940994263, 0.9244928359985352
 ],
 "toxicity_output_recall": [
  0.00026288116350769997, 0.05993690714240074, 0.28128287196159363,
  0.34069401025772095, 0.48422712087631226, 0.5197160840034485,
  0.5791272521018982, 0.594111442565918, 0.6217139959335327, 0.6317034959793091,
  0.6611461639404297, 0.6585173606872559, 0.6795478463172913,
  0.7110936045646667, 0.7179284691810608, 0.7097792029380798, 0.7139852643013,
  0.7355415225028992, 0.753417432308197, 0.7573606967926025, 0.738959014415741,
  0.7544689774513245, 0.7407991290092468, 0.745793879032135, 0.7281808853149414,
  0.7205573320388794, 0.7134594917297363, 0.6811251044273376,
  0.6645635962486267, 0.6469506025314331
 ],
 "toxicity_output_to_auc": [
  0.5568231344223022, 0.6805095672607422, 0.7330415844917297,
  0.7753170728683472, 0.8218302130699158, 0.8518509268760681,
  0.8774136304855347, 0.8939451575279236, 0.90472811460495, 0.9190284609794617,
  0.9224154353141785, 0.9311987161636353, 0.9412676692008972,
  0.9497395753860474, 0.945895254611969, 0.9476633071899414, 0.9574974775314331,
  0.9592207670211792, 0.9626613259315491, 0.9617742896080017, 0.960686206817627,
  0.9610910415649414, 0.9627651572227478, 0.9672662019729614,
  0.9685715436935425, 0.9669848680496216, 0.9688878655433655,
  0.9662861227989197, 0.970690131187439, 0.9706015586853027
 ],
 "val_loss": [
  50.9056510925293, 42.52040481567383, 35.842620849609375, 30.395736694335938,
  25.935693740844727, 22.364604949951172, 19.46725845336914, 17.11758804321289,
  15.182676315307617, 13.693990707397461, 12.442710876464844,
  11.441073417663574, 10.638114929199219, 9.97719669342041, 9.432463645935059,
  8.948362350463867, 8.544112205505371, 8.237286567687988, 7.9391303062438965,
  7.65177583694458, 7.3922295570373535, 7.177769660949707, 6.9700822830200195,
  6.7867431640625, 6.585268497467041, 6.437606334686279, 6.228148460388184,
  6.086945056915283, 5.934279918670654, 5.801396369934082
 ],