{
 "loss": [
  122.89197540283203, 93.39049530029297, 69.11199188232422, 49.60988235473633,
  34.27522659301758, 22.462688446044922, 13.721905708312988, 7.615724086761475,
  3.7965919971466064, 1.915090799331665, 1.3765363693237305, 1.3240782022476196,
  1.2971116304397583, 1.2860503196716309, 1.2723208665847778,
  1.2599653005599976, 1.2518916130065918, 1.2438507080078125, 1.233112096786499,
  1.2248426675796509
 ],
 "emotion_output_loss": [
  1.8005949258804321, 1.5387848615646362, 1.199332594871521, 0.9418296217918396,
  0.7933400273323059, 0.679753303527832, 0.6059161424636841, 0.5564152002334595,
  0.5203503966331482, 0.5001233220100403, 0.44324907660484314,
  0.4318293631076813, 0.4223887026309967, 0.41930848360061646,
  0.41751083731651306, 0.40967902541160583, 0.4094180464744568,
  0.4082029461860657, 0.40433967113494873, 0.4004160761833191
 ],
 "toxicity_output_loss": [
  1.6431522369384766, 1.286657452583313, 0.9563682675361633, 0.7121164798736572,
  0.5588483810424805, 0.45829957723617554, 0.39983275532722473,
  0.3544674515724182, 0.3366129398345947, 0.32094642519950867,
  0.2720775306224823, 0.25878095626831055, 0.2529888451099396,
  0.2530825436115265, 0.24771679937839508, 0.248893603682518,
  0.24628093838691711, 0.24439366161823273, 0.2421591728925705,
  0.24230194091796875
 ],
 "emotion_output_accuracy": [
  0.18930351734161377, 0.3570025563240051, 0.5386009812355042,
  0.6620335578918457, 0.7206526398658752, 0.7649191617965698,
  0.7916603684425354, 0.8137180805206299, 0.8285239338874817,
  0.8431787490844727, 0.8626680970191956, 0.8688623905181885,
  0.8730925917625427, 0.8703731894493103, 0.8724883198738098,
  0.8750566840171814, 0.8753588199615479, 0.8739991188049316,
  0.8770207166671753, 0.8770207166671753
 ],
 "emotion_output_precision": [
  0.0, 0.5955284833908081, 0.6757752299308777, 0.7454166412353516,
  0.7794824242591858, 0.8120313882827759, 0.8357570767402649,
  0.8604691028594971, 0.87632155418396, 0.8779722452163696, 0.8988282084465027,
  0.9050853252410889, 0.9066468477249146, 0.9083731174468994, 0.910637617111206,
  0.9124813675880432, 0.9113861322402954, 0.9096444845199585,
  0.9129361510276794, 0.9123728275299072
 ],
 "emotion_output_recall": [
  0.0, 0.044266507029533386, 0.3325275778770447, 0.540565013885498,
  0.6371052861213684, 0.7035806179046631, 0.7380269169807434,
  0.7593291997909546, 0.7889409065246582, 0.8032935261726379,
  0.8227828741073608, 0.825502336025238, 0.8304879665374756, 0.8342649936676025,
  0.8329052925109863, 0.831696629524231, 0.8344160914421082, 0.8350204229354858,
  0.8380420207977295, 0.8400060534477234
 ],
 "emotion_output_em_auc": [
  0.5363515615463257, 0.7348203659057617, 0.8482916951179504,
  0.9044432640075684, 0.9315404891967773, 0.9497552514076233,
  0.9606992602348328, 0.9680336117744446, 0.9730405211448669,
  0.9751841425895691, 0.9833073616027832, 0.9839470982551575,
  0.9848372936248779, 0.9853652119636536, 0.9852820038795471,
  0.9857838153839111, 0.9859118461608887, 0.985821008682251, 0.9863402247428894,
  0.9866609573364258
 ],
 "emotion_output_f1_score": [
  [0.24302955, 0.16277961, 0.15504633, 0.20263942, 0.14688128, 0.21057118],
  [0.43444228, 0.2899408, 0.35803497, 0.3715986, 0.22543351, 0.41639796],
  [0.5221887, 0.40671644, 0.5477064, 0.5684497, 0.4558969, 0.70831573],
  [0.58935523, 0.51138014, 0.6842601, 0.7163053, 0.63697106, 0.8192162],
  [0.6421435, 0.59224224, 0.7591036, 0.76981497, 0.70303035, 0.84722805],
  [0.6858468, 0.6660465, 0.7996298, 0.8157271, 0.74891025, 0.8652302],
  [0.72615093, 0.70678735, 0.82363975, 0.8324681, 0.7745866, 0.8802699],
  [0.75339264, 0.7446904, 0.83828384, 0.85700804, 0.7973627, 0.8874842],
  [0.78534526, 0.7773788, 0.84945726, 0.8634861, 0.8075406, 0.88578683],
  [0.8083294, 0.8074309, 0.8646864, 0.8742346, 0.81295896, 0.8902077],
  [0.84501666, 0.8389412, 0.8763723, 0.89377993, 0.8290199, 0.8945148],
  [0.85035634, 0.84267634, 0.88560534, 0.89511156, 0.84087974, 0.8986233],
  [0.85956645, 0.84887457, 0.88082904, 0.90179414, 0.8454506, 0.9012912],
  [0.8541568, 0.84416175, 0.88446975, 0.89726675, 0.8423345, 0.89925057],
  [0.8636797, 0.8483197, 0.88349974, 0.8982093, 0.84224254, 0.8988391],
  [0.86053133, 0.8484297, 0.8843794, 0.9025544, 0.8504348, 0.90333337],
  [0.86352825, 0.8537906, 0.88523054, 0.8992908, 0.84726477, 0.9026327],
  [0.8555079, 0.84535146, 0.88941395, 0.90014064, 0.84927917, 0.9032527],
  [0.8619207, 0.85688657, 0.88793916, 0.90286255, 0.84625494, 0.9056761],
  [0.8683206, 0.8509486, 0.8886783, 0.90277123, 0.8480349, 0.9032527]
 ],
 "toxicity_output_accuracy": [
  0.3884272575378418, 0.535277247428894, 0.6482852101325989, 0.747696042060852,
  0.80374675989151, 0.8451427817344666, 0.8694666624069214, 0.8948481678962708,
  0.9011935591697693, 0.9067835211753845, 0.9227979779243469,
  0.9323160648345947, 0.9356397986412048, 0.9363952279090881,
  0.9385103583335876, 0.9374527931213379, 0.9394168257713318,
  0.9392657279968262, 0.9406254887580872, 0.9388124942779541
 ],
 "toxicity_output_precision": [
  0.46890756487846375, 0.6168948411941528, 0.7020541429519653,
  0.7801973223686218, 0.834319531917572, 0.865705132484436, 0.8885882496833801,
  0.9115603566169739, 0.9169293642044067, 0.9199623465538025,
  0.9356998205184937, 0.9404945969581604, 0.9439122080802917,
  0.9444101452827454, 0.9455834627151489, 0.945541501045227, 0.9465331435203552,
  0.9454461336135864, 0.9469638466835022, 0.9477255344390869
 ],
 "toxicity_output_recall": [
  0.04215138405561447, 0.3607795834541321, 0.5525003671646118,
  0.6928539276123047, 0.7668831944465637, 0.8161353468894958,
  0.8434808850288391, 0.872035026550293, 0.8788336515426636, 0.8856322765350342,
  0.9079921245574951, 0.9193231463432312, 0.9229490756988525,
  0.9240066409111023, 0.9267261028289795, 0.9259706735610962,
  0.9280858039855957, 0.9268772006034851, 0.9306541681289673, 0.9285390377044678
 ],
 "toxicity_output_to_auc": [
  0.5469433069229126, 0.7813156843185425, 0.8861212134361267, 0.940799355506897,
  0.9650066494941711, 0.9778347611427307, 0.984163761138916, 0.9883388876914978,
  0.9903988242149353, 0.9916262030601501, 0.9948554635047913,
  0.9949924349784851, 0.9955795407295227, 0.9953612685203552, 0.995702862739563,
  0.995813250541687, 0.9961012601852417, 0.9961038827896118, 0.9963940978050232,
  0.9963599443435669
 ],