{
 "loss": [
  4.101146221160889, 3.868852376937866, 3.573002815246582, 3.4127824306488037,
  3.292259454727173, 3.1902499198913574, 3.094214677810669, 3.0056726932525635,
  2.947211265563965, 2.8627007007598877, 2.799971103668213, 2.7482552528381348,
  2.7082505226135254, 2.67075514793396, 2.623791456222534, 2.5797243118286133,
  2.5430941581726074, 2.5111095905303955, 2.4788429737091064,
  2.4416987895965576, 2.422138214111328, 2.385310649871826, 2.354459285736084,
  2.32564640045166, 2.304534435272217, 2.2780423164367676, 2.2621512413024902
 ],
 "emotion_output_loss": [
  1.6871521472930908, 1.5858328342437744, 1.459023356437683, 1.3891632556915283,
  1.3433271646499634, 1.2957550287246704, 1.250596523284912, 1.2081955671310425,
  1.182685136795044, 1.135048747062683, 1.1056225299835205, 1.0767170190811157,
  1.0581514835357666, 1.0435240268707275, 1.022109031677246, 0.994968593120575,
  0.9813414812088013, 0.9635217785835266, 0.9456273913383484,
  0.9305920600891113, 0.9222695827484131, 0.898968517780304, 0.8845650553703308,
  0.873469352722168, 0.8622714877128601, 0.8483851552009583, 0.845485508441925
 ],
 "toxicity_output_loss": [
  1.6850354671478271, 1.5563000440597534, 1.3891184329986572,
  1.3003095388412476, 1.2270135879516602, 1.1738691329956055,
  1.1242350339889526, 1.0792866945266724, 1.0474977493286133,
  1.0117888450622559, 0.9796396493911743, 0.9579483866691589,
  0.9376522302627563, 0.9159513115882874, 0.8915751576423645,
  0.8758289217948914, 0.8540056347846985, 0.8410220146179199,
  0.8278284668922424, 0.8068974614143372, 0.7968549132347107, 0.784509539604187,
  0.7692354917526245, 0.7526996731758118, 0.7439689040184021,
  0.7325629591941833, 0.7207631468772888
 ],
 "emotion_output_accuracy": [
  0.28427886962890625, 0.4017622470855713, 0.4643685221672058,
  0.4887927174568176, 0.5053331255912781, 0.525274395942688, 0.5551089644432068,
  0.5738135576248169, 0.5872623324394226, 0.6033390164375305,
  0.6123048663139343, 0.6209614872932434, 0.6291544437408447,
  0.6371927857398987, 0.6422939896583557, 0.6529603004455566,
  0.6526511311531067, 0.6588344573974609, 0.6665636301040649,
  0.6654815077781677, 0.6690369248390198, 0.6767660975456238,
  0.6812490224838257, 0.6831040382385254, 0.68681401014328, 0.693306565284729,
  0.6902148723602295
 ],
 "emotion_output_precision": [
  0.0, 0.25, 0.5179487466812134, 0.5526315569877625, 0.624871551990509,
  0.634688675403595, 0.6484607458114624, 0.6951612830162048, 0.7036429047584534,
  0.7269253134727478, 0.7345799803733826, 0.7403372526168823,
  0.7428927421569824, 0.7428075671195984, 0.754867672920227, 0.7589093446731567,
  0.7671634554862976, 0.7689005732536316, 0.7778578400611877,
  0.7763344645500183, 0.7808868885040283, 0.7961258888244629,
  0.7956221699714661, 0.7974026203155518, 0.7977234721183777,
  0.7991737723350525, 0.8045443892478943
 ],
 "emotion_output_recall": [
  0.0, 0.00015458339476026595, 0.04683876782655716, 0.05518627166748047,
  0.09398670494556427, 0.15442880988121033, 0.20188592374324799,
  0.266501784324646, 0.33142679929733276, 0.3822847306728363,
  0.4068635106086731, 0.4411810040473938, 0.4605039358139038,
  0.4629772901535034, 0.46746018528938293, 0.49049311876296997,
  0.48539185523986816, 0.49837687611579895, 0.5006956458091736,
  0.5081156492233276, 0.5090431571006775, 0.5082702040672302,
  0.5169268846511841, 0.5220281481742859, 0.5200185775756836,
  0.5382593870162964, 0.5364043712615967
 ],
 "emotion_output_em_auc": [
  0.5188072323799133, 0.6342898011207581, 0.7026908993721008,
  0.7276617884635925, 0.7493770122528076, 0.7740442156791687,
  0.7988111972808838, 0.819979190826416, 0.8234357833862305, 0.8421968817710876,
  0.8548097014427185, 0.8625342845916748, 0.8635119795799255, 0.869404137134552,
  0.8766792416572571, 0.8835803866386414, 0.8864679932594299,
  0.8912744522094727, 0.8977801203727722, 0.8999703526496887, 0.901280403137207,
  0.907987654209137, 0.9117806553840637, 0.912886917591095, 0.9158309102058411,
  0.9196369647979736, 0.919896125793457
 ],
 "toxicity_output_accuracy": [
  0.36574432253837585, 0.48616477847099304, 0.5541814565658569,
  0.5705673098564148, 0.5884990096092224, 0.6062760949134827,
  0.6302365064620972, 0.6365744471549988, 0.6456948518753052,
  0.6571339964866638, 0.6674911379814148, 0.6707373857498169,
  0.6792394518852234, 0.6851136088371277, 0.6908332109451294,
  0.6942340135574341, 0.7033544778823853, 0.7038182020187378,
  0.7059823870658875, 0.7121657133102417, 0.7157211303710938,
  0.7212861180305481, 0.7236048579216003, 0.7310248613357544,
  0.7308703064918518, 0.7359715700149536, 0.7392178177833557
 ],
 "toxicity_output_precision": [
  0.0, 0.6521739363670349, 0.6529774069786072, 0.6456798315048218,
  0.6715295910835266, 0.6827640533447266, 0.6848575472831726,
  0.7223880887031555, 0.7332032322883606, 0.7469398379325867,
  0.7533679008483887, 0.7547215223312378, 0.7601319551467896,
  0.7621519565582275, 0.7779593467712402, 0.7724091410636902,
  0.7846361994743347, 0.7828584313392639, 0.7840087413787842,
  0.7939643859863281, 0.7996401786804199, 0.797443687915802, 0.7976952791213989,
  0.8086287975311279, 0.8089743852615356, 0.8118895888328552, 0.8140556216239929
 ],
 "toxicity_output_recall": [
  0.0, 0.0023187510669231415, 0.0491575188934803, 0.14901839196681976,
  0.2348121851682663, 0.26882052421569824, 0.353068470954895,
  0.37409183382987976, 0.40655434131622314, 0.4339155852794647,
  0.4495285153388977, 0.4818364381790161, 0.4986860454082489,
  0.4993043839931488, 0.5150718688964844, 0.52882981300354, 0.5384140014648438,
  0.5478435754776001, 0.5532540082931519, 0.5653114914894104,
  0.5496985912322998, 0.569021463394165, 0.5778327584266663, 0.5852527618408203,
  0.5852527618408203, 0.5911269187927246, 0.6016385555267334
 ],
 "toxicity_output_to_auc": [
  0.5365083813667297, 0.618782103061676, 0.7256478667259216, 0.7897675633430481,
  0.8252246975898743, 0.8405088782310486, 0.8563843965530396,
  0.8730577826499939, 0.8780823945999146, 0.8857758641242981, 0.895685613155365,
  0.9002489447593689, 0.9041202664375305, 0.9079293608665466,
  0.9122276306152344, 0.9164641499519348, 0.9205604195594788,
  0.9200344085693359, 0.9236642122268677, 0.9292065501213074,
  0.9309674501419067, 0.9307035803794861, 0.935179591178894, 0.939060389995575,
  0.9393559098243713, 0.9413787722587585, 0.9450603127479553
 ],
 "val_loss": [
  3.8652892112731934, 3.629791259765625, 3.470261812210083, 3.354966640472412,
  3.2665560245513916, 3.198932409286499, 3.107041358947754, 3.033581256866455,
  3.0220086574554443, 2.9777286052703857, 2.9700329303741455,
  2.9432473182678223, 2.9381821155548096, 2.9594478607177734,
  2.9017555713653564, 2.9004247188568115, 2.875452995300293, 2.8685145378112793,
  2.874504566192627, 2.866448163986206, 2.89517879486084, 2.86133074760437,
  2.8440358638763428, 2.842525005340576, 2.843726396560669, 2.8267605304718018,
  2.803814649581909
 ],
 "val_emotion_output_loss": [
  1.630439043045044, 1.5143930912017822, 1.4612782001495361, 1.4337584972381592,
  1.3969123363494873, 1.3652652502059937, 1.311289668083191, 1.2939743995666504,
  1.2929688692092896, 1.2671550512313843, 1.2688469886779785, 1.269492268562317,
  1.2703063488006592, 1.2810622453689575, 1.2751997709274292,
  1.2653464078903198, 1.2653940916061401, 1.2570655345916748,
  1.2698752880096436, 1.2718181610107422, 1.2813339233398438,
  1.2770347595214844, 1.2906336784362793, 1.289015293121338, 1.284338116645813,
  1.2853708267211914, 1.2703461647033691
 ],